timestamp,elapsed_seconds,gpu_id,gpu_name,gpu_temp_c,gpu_power_w,gpu_fan_pct,gpu_mem_used_mb,gpu_mem_total_mb,gpu_util_pct,gpu_tflops,sys_mem_total_gb,sys_mem_used_gb,sys_mem_used_pct,dcmi_power_w,cpu1_temp_c,cpu2_temp_c,inlet_temp_c,system_temp_c,hgx_gpu_temp_c,hgx_hbm_temp_c,hgx_nvlink_temp_c,hgx_inlet_temp_c,dimm_p1_temp_c,dimm_p2_temp_c,fan_sys_avg_rpm,fan_sys_min_rpm,fan_sys_max_rpm,fan_psu_avg_rpm,fan_mb_avg_rpm
2026-01-08T01:20:39.010641,0.0,0,NVIDIA B200,33.0,151.68,0,0.0,183359.0,0.0,0,3022.72,20.67,0.7,5655.0,42.0,47.0,23.0,26.0,37.0,37.0,44.0,28.0,26.0,27.0,11592.0,11060.0,12040.0,11200.0,15610.0
2026-01-08T01:20:39.010641,0.0,1,NVIDIA B200,36.0,144.32,0,0.0,183359.0,0.0,0,3022.72,20.67,0.7,5655.0,42.0,47.0,23.0,26.0,37.0,37.0,44.0,28.0,26.0,27.0,11592.0,11060.0,12040.0,11200.0,15610.0
2026-01-08T01:20:39.010641,0.0,2,NVIDIA B200,38.0,146.77,0,0.0,183359.0,0.0,0,3022.72,20.67,0.7,5655.0,42.0,47.0,23.0,26.0,37.0,37.0,44.0,28.0,26.0,27.0,11592.0,11060.0,12040.0,11200.0,15610.0
2026-01-08T01:20:39.010641,0.0,3,NVIDIA B200,34.0,143.13,0,0.0,183359.0,0.0,0,3022.72,20.67,0.7,5655.0,42.0,47.0,23.0,26.0,37.0,37.0,44.0,28.0,26.0,27.0,11592.0,11060.0,12040.0,11200.0,15610.0
2026-01-08T01:20:39.010641,0.0,4,NVIDIA B200,34.0,144.39,0,0.0,183359.0,0.0,0,3022.72,20.67,0.7,5655.0,42.0,47.0,23.0,26.0,37.0,37.0,44.0,28.0,26.0,27.0,11592.0,11060.0,12040.0,11200.0,15610.0
2026-01-08T01:20:39.010641,0.0,5,NVIDIA B200,38.0,147.98,0,0.0,183359.0,0.0,0,3022.72,20.67,0.7,5655.0,42.0,47.0,23.0,26.0,37.0,37.0,44.0,28.0,26.0,27.0,11592.0,11060.0,12040.0,11200.0,15610.0
2026-01-08T01:20:39.010641,0.0,6,NVIDIA B200,38.0,141.05,0,0.0,183359.0,0.0,0,3022.72,20.67,0.7,5655.0,42.0,47.0,23.0,26.0,37.0,37.0,44.0,28.0,26.0,27.0,11592.0,11060.0,12040.0,11200.0,15610.0
2026-01-08T01:20:39.010641,0.0,7,NVIDIA B200,35.0,146.58,0,0.0,183359.0,0.0,0,3022.72,20.67,0.7,5655.0,42.0,47.0,23.0,26.0,37.0,37.0,44.0,28.0,26.0,27.0,11592.0,11060.0,12040.0,11200.0,15610.0
2026-01-08T01:20:47.426567,8.42,0,NVIDIA B200,32.0,202.33,0,642.0,183359.0,2.0,0,3022.72,21.85,0.7,5698.0,38.0,37.0,23.0,26.0,36.0,39.0,44.0,28.0,26.0,27.0,11601.0,11060.0,12040.0,11177.0,15645.0
2026-01-08T01:20:47.426567,8.42,1,NVIDIA B200,34.0,143.2,0,4.0,183359.0,0.0,0,3022.72,21.85,0.7,5698.0,38.0,37.0,23.0,26.0,36.0,39.0,44.0,28.0,26.0,27.0,11601.0,11060.0,12040.0,11177.0,15645.0
2026-01-08T01:20:47.426567,8.42,2,NVIDIA B200,36.0,145.43,0,4.0,183359.0,0.0,0,3022.72,21.85,0.7,5698.0,38.0,37.0,23.0,26.0,36.0,39.0,44.0,28.0,26.0,27.0,11601.0,11060.0,12040.0,11177.0,15645.0
2026-01-08T01:20:47.426567,8.42,3,NVIDIA B200,33.0,142.32,0,4.0,183359.0,0.0,0,3022.72,21.85,0.7,5698.0,38.0,37.0,23.0,26.0,36.0,39.0,44.0,28.0,26.0,27.0,11601.0,11060.0,12040.0,11177.0,15645.0
2026-01-08T01:20:47.426567,8.42,4,NVIDIA B200,33.0,143.53,0,4.0,183359.0,0.0,0,3022.72,21.85,0.7,5698.0,38.0,37.0,23.0,26.0,36.0,39.0,44.0,28.0,26.0,27.0,11601.0,11060.0,12040.0,11177.0,15645.0
2026-01-08T01:20:47.426567,8.42,5,NVIDIA B200,36.0,146.85,0,4.0,183359.0,0.0,0,3022.72,21.85,0.7,5698.0,38.0,37.0,23.0,26.0,36.0,39.0,44.0,28.0,26.0,27.0,11601.0,11060.0,12040.0,11177.0,15645.0
2026-01-08T01:20:47.426567,8.42,6,NVIDIA B200,36.0,139.86,0,4.0,183359.0,0.0,0,3022.72,21.85,0.7,5698.0,38.0,37.0,23.0,26.0,36.0,39.0,44.0,28.0,26.0,27.0,11601.0,11060.0,12040.0,11177.0,15645.0
2026-01-08T01:20:47.426567,8.42,7,NVIDIA B200,33.0,145.65,0,4.0,183359.0,0.0,0,3022.72,21.85,0.7,5698.0,38.0,37.0,23.0,26.0,36.0,39.0,44.0,28.0,26.0,27.0,11601.0,11060.0,12040.0,11177.0,15645.0
2026-01-08T01:20:58.075308,19.07,0,NVIDIA B200,43.0,618.48,0,164362.0,183359.0,100.0,0,3022.72,27.04,0.9,9517.0,37.0,37.0,23.0,26.0,50.0,40.0,44.0,28.0,26.0,27.0,11583.0,11060.0,12040.0,11177.0,15610.0
2026-01-08T01:20:58.075308,19.07,1,NVIDIA B200,45.0,611.44,0,164362.0,183359.0,100.0,0,3022.72,27.04,0.9,9517.0,37.0,37.0,23.0,26.0,50.0,40.0,44.0,28.0,26.0,27.0,11583.0,11060.0,12040.0,11177.0,15610.0
2026-01-08T01:20:58.075308,19.07,2,NVIDIA B200,48.0,615.35,0,164362.0,183359.0,100.0,0,3022.72,27.04,0.9,9517.0,37.0,37.0,23.0,26.0,50.0,40.0,44.0,28.0,26.0,27.0,11583.0,11060.0,12040.0,11177.0,15610.0
2026-01-08T01:20:58.075308,19.07,3,NVIDIA B200,44.0,609.58,0,164362.0,183359.0,100.0,0,3022.72,27.04,0.9,9517.0,37.0,37.0,23.0,26.0,50.0,40.0,44.0,28.0,26.0,27.0,11583.0,11060.0,12040.0,11177.0,15610.0
2026-01-08T01:20:58.075308,19.07,4,NVIDIA B200,46.0,611.71,0,164362.0,183359.0,100.0,0,3022.72,27.04,0.9,9517.0,37.0,37.0,23.0,26.0,50.0,40.0,44.0,28.0,26.0,27.0,11583.0,11060.0,12040.0,11177.0,15610.0
2026-01-08T01:20:58.075308,19.07,5,NVIDIA B200,47.0,649.6,0,164362.0,183359.0,100.0,0,3022.72,27.04,0.9,9517.0,37.0,37.0,23.0,26.0,50.0,40.0,44.0,28.0,26.0,27.0,11583.0,11060.0,12040.0,11177.0,15610.0
2026-01-08T01:20:58.075308,19.07,6,NVIDIA B200,49.0,641.04,0,164362.0,183359.0,100.0,0,3022.72,27.04,0.9,9517.0,37.0,37.0,23.0,26.0,50.0,40.0,44.0,28.0,26.0,27.0,11583.0,11060.0,12040.0,11177.0,15610.0
2026-01-08T01:20:58.075308,19.07,7,NVIDIA B200,46.0,623.97,0,164362.0,183359.0,100.0,0,3022.72,27.04,0.9,9517.0,37.0,37.0,23.0,26.0,50.0,40.0,44.0,28.0,26.0,27.0,11583.0,11060.0,12040.0,11177.0,15610.0
2026-01-08T01:21:06.054292,27.04,0,NVIDIA B200,45.0,619.96,0,164362.0,183359.0,100.0,0,3022.72,27.03,0.9,9526.0,43.0,37.0,23.0,26.0,51.0,41.0,44.0,28.0,26.0,27.0,11611.0,11060.0,12040.0,11177.0,15575.0
2026-01-08T01:21:06.054292,27.04,1,NVIDIA B200,48.0,616.16,0,164362.0,183359.0,100.0,0,3022.72,27.03,0.9,9526.0,43.0,37.0,23.0,26.0,51.0,41.0,44.0,28.0,26.0,27.0,11611.0,11060.0,12040.0,11177.0,15575.0
2026-01-08T01:21:06.054292,27.04,2,NVIDIA B200,50.0,619.43,0,164362.0,183359.0,100.0,0,3022.72,27.03,0.9,9526.0,43.0,37.0,23.0,26.0,51.0,41.0,44.0,28.0,26.0,27.0,11611.0,11060.0,12040.0,11177.0,15575.0
2026-01-08T01:21:06.054292,27.04,3,NVIDIA B200,45.0,611.15,0,164362.0,183359.0,100.0,0,3022.72,27.03,0.9,9526.0,43.0,37.0,23.0,26.0,51.0,41.0,44.0,28.0,26.0,27.0,11611.0,11060.0,12040.0,11177.0,15575.0
2026-01-08T01:21:06.054292,27.04,4,NVIDIA B200,48.0,615.93,0,164362.0,183359.0,100.0,0,3022.72,27.03,0.9,9526.0,43.0,37.0,23.0,26.0,51.0,41.0,44.0,28.0,26.0,27.0,11611.0,11060.0,12040.0,11177.0,15575.0
2026-01-08T01:21:06.054292,27.04,5,NVIDIA B200,49.0,651.21,0,164362.0,183359.0,100.0,0,3022.72,27.03,0.9,9526.0,43.0,37.0,23.0,26.0,51.0,41.0,44.0,28.0,26.0,27.0,11611.0,11060.0,12040.0,11177.0,15575.0
2026-01-08T01:21:06.054292,27.04,6,NVIDIA B200,51.0,644.19,0,164362.0,183359.0,100.0,0,3022.72,27.03,0.9,9526.0,43.0,37.0,23.0,26.0,51.0,41.0,44.0,28.0,26.0,27.0,11611.0,11060.0,12040.0,11177.0,15575.0
2026-01-08T01:21:06.054292,27.04,7,NVIDIA B200,48.0,628.31,0,164362.0,183359.0,100.0,0,3022.72,27.03,0.9,9526.0,43.0,37.0,23.0,26.0,51.0,41.0,44.0,28.0,26.0,27.0,11611.0,11060.0,12040.0,11177.0,15575.0
2026-01-08T01:21:14.322236,35.31,0,NVIDIA B200,45.0,620.73,0,164362.0,183359.0,100.0,0,3022.72,27.0,0.9,9550.0,43.0,45.0,23.0,26.0,52.0,43.0,44.0,28.0,26.0,27.0,11583.0,11060.0,12040.0,11177.0,15715.0
2026-01-08T01:21:14.322236,35.31,1,NVIDIA B200,49.0,618.15,0,164362.0,183359.0,100.0,0,3022.72,27.0,0.9,9550.0,43.0,45.0,23.0,26.0,52.0,43.0,44.0,28.0,26.0,27.0,11583.0,11060.0,12040.0,11177.0,15715.0
2026-01-08T01:21:14.322236,35.31,2,NVIDIA B200,51.0,621.68,0,164362.0,183359.0,100.0,0,3022.72,27.0,0.9,9550.0,43.0,45.0,23.0,26.0,52.0,43.0,44.0,28.0,26.0,27.0,11583.0,11060.0,12040.0,11177.0,15715.0
2026-01-08T01:21:14.322236,35.31,3,NVIDIA B200,46.0,613.42,0,164362.0,183359.0,100.0,0,3022.72,27.0,0.9,9550.0,43.0,45.0,23.0,26.0,52.0,43.0,44.0,28.0,26.0,27.0,11583.0,11060.0,12040.0,11177.0,15715.0
2026-01-08T01:21:14.322236,35.31,4,NVIDIA B200,48.0,616.86,0,164362.0,183359.0,100.0,0,3022.72,27.0,0.9,9550.0,43.0,45.0,23.0,26.0,52.0,43.0,44.0,28.0,26.0,27.0,11583.0,11060.0,12040.0,11177.0,15715.0
2026-01-08T01:21:14.322236,35.31,5,NVIDIA B200,50.0,653.1,0,164362.0,183359.0,100.0,0,3022.72,27.0,0.9,9550.0,43.0,45.0,23.0,26.0,52.0,43.0,44.0,28.0,26.0,27.0,11583.0,11060.0,12040.0,11177.0,15715.0
2026-01-08T01:21:14.322236,35.31,6,NVIDIA B200,52.0,646.06,0,164362.0,183359.0,100.0,0,3022.72,27.0,0.9,9550.0,43.0,45.0,23.0,26.0,52.0,43.0,44.0,28.0,26.0,27.0,11583.0,11060.0,12040.0,11177.0,15715.0
2026-01-08T01:21:14.322236,35.31,7,NVIDIA B200,49.0,630.05,0,164362.0,183359.0,100.0,0,3022.72,27.0,0.9,9550.0,43.0,45.0,23.0,26.0,52.0,43.0,44.0,28.0,26.0,27.0,11583.0,11060.0,12040.0,11177.0,15715.0
2026-01-08T01:21:23.534823,44.53,0,NVIDIA B200,45.0,623.14,0,164362.0,183359.0,100.0,0,3022.72,26.99,0.9,9567.0,43.0,45.0,23.0,26.0,53.0,44.0,44.0,28.0,26.0,27.0,11601.0,11060.0,12040.0,11177.0,15575.0
2026-01-08T01:21:23.534823,44.53,1,NVIDIA B200,50.0,619.49,0,164362.0,183359.0,100.0,0,3022.72,26.99,0.9,9567.0,43.0,45.0,23.0,26.0,53.0,44.0,44.0,28.0,26.0,27.0,11601.0,11060.0,12040.0,11177.0,15575.0
2026-01-08T01:21:23.534823,44.53,2,NVIDIA B200,52.0,623.27,0,164362.0,183359.0,100.0,0,3022.72,26.99,0.9,9567.0,43.0,45.0,23.0,26.0,53.0,44.0,44.0,28.0,26.0,27.0,11601.0,11060.0,12040.0,11177.0,15575.0
2026-01-08T01:21:23.534823,44.53,3,NVIDIA B200,46.0,615.5,0,164362.0,183359.0,100.0,0,3022.72,26.99,0.9,9567.0,43.0,45.0,23.0,26.0,53.0,44.0,44.0,28.0,26.0,27.0,11601.0,11060.0,12040.0,11177.0,15575.0
2026-01-08T01:21:23.534823,44.53,4,NVIDIA B200,48.0,617.03,0,164362.0,183359.0,100.0,0,3022.72,26.99,0.9,9567.0,43.0,45.0,23.0,26.0,53.0,44.0,44.0,28.0,26.0,27.0,11601.0,11060.0,12040.0,11177.0,15575.0
2026-01-08T01:21:23.534823,44.53,5,NVIDIA B200,51.0,653.88,0,164362.0,183359.0,100.0,0,3022.72,26.99,0.9,9567.0,43.0,45.0,23.0,26.0,53.0,44.0,44.0,28.0,26.0,27.0,11601.0,11060.0,12040.0,11177.0,15575.0
2026-01-08T01:21:23.534823,44.53,6,NVIDIA B200,53.0,647.31,0,164362.0,183359.0,100.0,0,3022.72,26.99,0.9,9567.0,43.0,45.0,23.0,26.0,53.0,44.0,44.0,28.0,26.0,27.0,11601.0,11060.0,12040.0,11177.0,15575.0
2026-01-08T01:21:23.534823,44.53,7,NVIDIA B200,49.0,630.92,0,164362.0,183359.0,100.0,0,3022.72,26.99,0.9,9567.0,43.0,45.0,23.0,26.0,53.0,44.0,44.0,28.0,26.0,27.0,11601.0,11060.0,12040.0,11177.0,15575.0
2026-01-08T01:21:32.922391,53.91,0,NVIDIA B200,45.0,623.09,0,164362.0,183359.0,100.0,0,3022.72,26.99,0.9,9570.0,43.0,45.0,23.0,27.0,53.0,43.0,44.0,28.0,26.0,27.0,11601.0,11060.0,12040.0,11177.0,15540.0
2026-01-08T01:21:32.922391,53.91,1,NVIDIA B200,51.0,620.48,0,164362.0,183359.0,100.0,0,3022.72,26.99,0.9,9570.0,43.0,45.0,23.0,27.0,53.0,43.0,44.0,28.0,26.0,27.0,11601.0,11060.0,12040.0,11177.0,15540.0
2026-01-08T01:21:32.922391,53.91,2,NVIDIA B200,53.0,624.03,0,164362.0,183359.0,100.0,0,3022.72,26.99,0.9,9570.0,43.0,45.0,23.0,27.0,53.0,43.0,44.0,28.0,26.0,27.0,11601.0,11060.0,12040.0,11177.0,15540.0
2026-01-08T01:21:32.922391,53.91,3,NVIDIA B200,46.0,616.13,0,164362.0,183359.0,100.0,0,3022.72,26.99,0.9,9570.0,43.0,45.0,23.0,27.0,53.0,43.0,44.0,28.0,26.0,27.0,11601.0,11060.0,12040.0,11177.0,15540.0
2026-01-08T01:21:32.922391,53.91,4,NVIDIA B200,49.0,617.53,0,164362.0,183359.0,100.0,0,3022.72,26.99,0.9,9570.0,43.0,45.0,23.0,27.0,53.0,43.0,44.0,28.0,26.0,27.0,11601.0,11060.0,12040.0,11177.0,15540.0
2026-01-08T01:21:32.922391,53.91,5,NVIDIA B200,52.0,654.9,0,164362.0,183359.0,100.0,0,3022.72,26.99,0.9,9570.0,43.0,45.0,23.0,27.0,53.0,43.0,44.0,28.0,26.0,27.0,11601.0,11060.0,12040.0,11177.0,15540.0
2026-01-08T01:21:32.922391,53.91,6,NVIDIA B200,54.0,647.98,0,164362.0,183359.0,100.0,0,3022.72,26.99,0.9,9570.0,43.0,45.0,23.0,27.0,53.0,43.0,44.0,28.0,26.0,27.0,11601.0,11060.0,12040.0,11177.0,15540.0
2026-01-08T01:21:32.922391,53.91,7,NVIDIA B200,50.0,631.09,0,164362.0,183359.0,100.0,0,3022.72,26.99,0.9,9570.0,43.0,45.0,23.0,27.0,53.0,43.0,44.0,28.0,26.0,27.0,11601.0,11060.0,12040.0,11177.0,15540.0
2026-01-08T01:21:43.090676,64.08,0,NVIDIA B200,46.0,625.09,0,164362.0,183359.0,100.0,11.782,3022.72,26.97,0.9,9575.0,43.0,46.0,23.0,27.0,53.0,43.0,44.0,28.0,26.0,27.0,11611.0,11060.0,12040.0,11177.0,15575.0
2026-01-08T01:21:43.090676,64.08,1,NVIDIA B200,51.0,620.92,0,164362.0,183359.0,100.0,11.438,3022.72,26.97,0.9,9575.0,43.0,46.0,23.0,27.0,53.0,43.0,44.0,28.0,26.0,27.0,11611.0,11060.0,12040.0,11177.0,15575.0
2026-01-08T01:21:43.090676,64.08,2,NVIDIA B200,53.0,624.68,0,164362.0,183359.0,100.0,11.408,3022.72,26.97,0.9,9575.0,43.0,46.0,23.0,27.0,53.0,43.0,44.0,28.0,26.0,27.0,11611.0,11060.0,12040.0,11177.0,15575.0
2026-01-08T01:21:43.090676,64.08,3,NVIDIA B200,47.0,616.25,0,164362.0,183359.0,100.0,11.441,3022.72,26.97,0.9,9575.0,43.0,46.0,23.0,27.0,53.0,43.0,44.0,28.0,26.0,27.0,11611.0,11060.0,12040.0,11177.0,15575.0
2026-01-08T01:21:43.090676,64.08,4,NVIDIA B200,49.0,618.14,0,164362.0,183359.0,100.0,11.42,3022.72,26.97,0.9,9575.0,43.0,46.0,23.0,27.0,53.0,43.0,44.0,28.0,26.0,27.0,11611.0,11060.0,12040.0,11177.0,15575.0
2026-01-08T01:21:43.090676,64.08,5,NVIDIA B200,52.0,655.74,0,164362.0,183359.0,100.0,11.467,3022.72,26.97,0.9,9575.0,43.0,46.0,23.0,27.0,53.0,43.0,44.0,28.0,26.0,27.0,11611.0,11060.0,12040.0,11177.0,15575.0
2026-01-08T01:21:43.090676,64.08,6,NVIDIA B200,54.0,648.44,0,164362.0,183359.0,100.0,11.456,3022.72,26.97,0.9,9575.0,43.0,46.0,23.0,27.0,53.0,43.0,44.0,28.0,26.0,27.0,11611.0,11060.0,12040.0,11177.0,15575.0
2026-01-08T01:21:43.090676,64.08,7,NVIDIA B200,50.0,631.58,0,164362.0,183359.0,100.0,11.416,3022.72,26.97,0.9,9575.0,43.0,46.0,23.0,27.0,53.0,43.0,44.0,28.0,26.0,27.0,11611.0,11060.0,12040.0,11177.0,15575.0
2026-01-08T01:21:50.794029,71.78,0,NVIDIA B200,46.0,625.3,0,164362.0,183359.0,100.0,11.782,3022.72,26.97,0.9,9570.0,43.0,46.0,23.0,27.0,54.0,44.0,44.0,28.0,26.0,27.0,11583.0,11060.0,12040.0,11177.0,15575.0
2026-01-08T01:21:50.794029,71.78,1,NVIDIA B200,51.0,621.57,0,164362.0,183359.0,100.0,11.438,3022.72,26.97,0.9,9570.0,43.0,46.0,23.0,27.0,54.0,44.0,44.0,28.0,26.0,27.0,11583.0,11060.0,12040.0,11177.0,15575.0
2026-01-08T01:21:50.794029,71.78,2,NVIDIA B200,53.0,625.08,0,164362.0,183359.0,100.0,11.408,3022.72,26.97,0.9,9570.0,43.0,46.0,23.0,27.0,54.0,44.0,44.0,28.0,26.0,27.0,11583.0,11060.0,12040.0,11177.0,15575.0
2026-01-08T01:21:50.794029,71.78,3,NVIDIA B200,47.0,616.92,0,164362.0,183359.0,100.0,11.441,3022.72,26.97,0.9,9570.0,43.0,46.0,23.0,27.0,54.0,44.0,44.0,28.0,26.0,27.0,11583.0,11060.0,12040.0,11177.0,15575.0
2026-01-08T01:21:50.794029,71.78,4,NVIDIA B200,49.0,618.1,0,164362.0,183359.0,100.0,11.42,3022.72,26.97,0.9,9570.0,43.0,46.0,23.0,27.0,54.0,44.0,44.0,28.0,26.0,27.0,11583.0,11060.0,12040.0,11177.0,15575.0
2026-01-08T01:21:50.794029,71.78,5,NVIDIA B200,52.0,656.17,0,164362.0,183359.0,100.0,11.467,3022.72,26.97,0.9,9570.0,43.0,46.0,23.0,27.0,54.0,44.0,44.0,28.0,26.0,27.0,11583.0,11060.0,12040.0,11177.0,15575.0
2026-01-08T01:21:50.794029,71.78,6,NVIDIA B200,54.0,648.61,0,164362.0,183359.0,100.0,11.456,3022.72,26.97,0.9,9570.0,43.0,46.0,23.0,27.0,54.0,44.0,44.0,28.0,26.0,27.0,11583.0,11060.0,12040.0,11177.0,15575.0
2026-01-08T01:21:50.794029,71.78,7,NVIDIA B200,50.0,631.99,0,164362.0,183359.0,100.0,11.416,3022.72,26.97,0.9,9570.0,43.0,46.0,23.0,27.0,54.0,44.0,44.0,28.0,26.0,27.0,11583.0,11060.0,12040.0,11177.0,15575.0
2026-01-08T01:21:59.562463,80.55,0,NVIDIA B200,46.0,625.12,0,164362.0,183359.0,100.0,11.782,3022.72,26.99,0.9,9579.0,43.0,46.0,23.0,27.0,54.0,44.0,45.0,28.0,26.0,27.0,11573.0,11060.0,12040.0,11177.0,15575.0
2026-01-08T01:21:59.562463,80.55,1,NVIDIA B200,51.0,621.73,0,164362.0,183359.0,100.0,11.438,3022.72,26.99,0.9,9579.0,43.0,46.0,23.0,27.0,54.0,44.0,45.0,28.0,26.0,27.0,11573.0,11060.0,12040.0,11177.0,15575.0
2026-01-08T01:21:59.562463,80.55,2,NVIDIA B200,53.0,625.43,0,164362.0,183359.0,100.0,11.408,3022.72,26.99,0.9,9579.0,43.0,46.0,23.0,27.0,54.0,44.0,45.0,28.0,26.0,27.0,11573.0,11060.0,12040.0,11177.0,15575.0
2026-01-08T01:21:59.562463,80.55,3,NVIDIA B200,47.0,616.73,0,164362.0,183359.0,100.0,11.441,3022.72,26.99,0.9,9579.0,43.0,46.0,23.0,27.0,54.0,44.0,45.0,28.0,26.0,27.0,11573.0,11060.0,12040.0,11177.0,15575.0
2026-01-08T01:21:59.562463,80.55,4,NVIDIA B200,49.0,617.94,0,164362.0,183359.0,100.0,11.42,3022.72,26.99,0.9,9579.0,43.0,46.0,23.0,27.0,54.0,44.0,45.0,28.0,26.0,27.0,11573.0,11060.0,12040.0,11177.0,15575.0
2026-01-08T01:21:59.562463,80.55,5,NVIDIA B200,52.0,656.38,0,164362.0,183359.0,100.0,11.467,3022.72,26.99,0.9,9579.0,43.0,46.0,23.0,27.0,54.0,44.0,45.0,28.0,26.0,27.0,11573.0,11060.0,12040.0,11177.0,15575.0
2026-01-08T01:21:59.562463,80.55,6,NVIDIA B200,54.0,649.24,0,164362.0,183359.0,100.0,11.456,3022.72,26.99,0.9,9579.0,43.0,46.0,23.0,27.0,54.0,44.0,45.0,28.0,26.0,27.0,11573.0,11060.0,12040.0,11177.0,15575.0
2026-01-08T01:21:59.562463,80.55,7,NVIDIA B200,50.0,631.84,0,164362.0,183359.0,100.0,11.416,3022.72,26.99,0.9,9579.0,43.0,46.0,23.0,27.0,54.0,44.0,45.0,28.0,26.0,27.0,11573.0,11060.0,12040.0,11177.0,15575.0
2026-01-08T01:22:07.094421,88.08,0,NVIDIA B200,46.0,625.62,0,164362.0,183359.0,100.0,11.782,3022.72,26.97,0.9,9578.0,43.0,45.0,23.0,26.0,54.0,44.0,44.0,28.0,26.0,27.0,11583.0,11060.0,12040.0,11177.0,15610.0
2026-01-08T01:22:07.094421,88.08,1,NVIDIA B200,52.0,633.27,0,164362.0,183359.0,100.0,11.438,3022.72,26.97,0.9,9578.0,43.0,45.0,23.0,26.0,54.0,44.0,44.0,28.0,26.0,27.0,11583.0,11060.0,12040.0,11177.0,15610.0
2026-01-08T01:22:07.094421,88.08,2,NVIDIA B200,53.0,625.75,0,164362.0,183359.0,100.0,11.408,3022.72,26.97,0.9,9578.0,43.0,45.0,23.0,26.0,54.0,44.0,44.0,28.0,26.0,27.0,11583.0,11060.0,12040.0,11177.0,15610.0
2026-01-08T01:22:07.094421,88.08,3,NVIDIA B200,47.0,627.63,0,164362.0,183359.0,100.0,11.441,3022.72,26.97,0.9,9578.0,43.0,45.0,23.0,26.0,54.0,44.0,44.0,28.0,26.0,27.0,11583.0,11060.0,12040.0,11177.0,15610.0
2026-01-08T01:22:07.094421,88.08,4,NVIDIA B200,49.0,618.84,0,164362.0,183359.0,100.0,11.42,3022.72,26.97,0.9,9578.0,43.0,45.0,23.0,26.0,54.0,44.0,44.0,28.0,26.0,27.0,11583.0,11060.0,12040.0,11177.0,15610.0
2026-01-08T01:22:07.094421,88.08,5,NVIDIA B200,53.0,665.77,0,164362.0,183359.0,100.0,11.467,3022.72,26.97,0.9,9578.0,43.0,45.0,23.0,26.0,54.0,44.0,44.0,28.0,26.0,27.0,11583.0,11060.0,12040.0,11177.0,15610.0
2026-01-08T01:22:07.094421,88.08,6,NVIDIA B200,54.0,658.59,0,164362.0,183359.0,100.0,11.456,3022.72,26.97,0.9,9578.0,43.0,45.0,23.0,26.0,54.0,44.0,44.0,28.0,26.0,27.0,11583.0,11060.0,12040.0,11177.0,15610.0
2026-01-08T01:22:07.094421,88.08,7,NVIDIA B200,50.0,635.14,0,164362.0,183359.0,100.0,11.416,3022.72,26.97,0.9,9578.0,43.0,45.0,23.0,26.0,54.0,44.0,44.0,28.0,26.0,27.0,11583.0,11060.0,12040.0,11177.0,15610.0
2026-01-08T01:22:15.138543,96.13,0,NVIDIA B200,46.0,625.46,0,164362.0,183359.0,100.0,19.37,3022.72,26.99,0.9,9576.0,43.0,45.0,23.0,27.0,54.0,45.0,44.0,28.0,26.0,27.0,11583.0,11060.0,12040.0,11200.0,15680.0
2026-01-08T01:22:15.138543,96.13,1,NVIDIA B200,52.0,621.89,0,164362.0,183359.0,100.0,11.438,3022.72,26.99,0.9,9576.0,43.0,45.0,23.0,27.0,54.0,45.0,44.0,28.0,26.0,27.0,11583.0,11060.0,12040.0,11200.0,15680.0
2026-01-08T01:22:15.138543,96.13,2,NVIDIA B200,53.0,625.73,0,164362.0,183359.0,100.0,11.408,3022.72,26.99,0.9,9576.0,43.0,45.0,23.0,27.0,54.0,45.0,44.0,28.0,26.0,27.0,11583.0,11060.0,12040.0,11200.0,15680.0
2026-01-08T01:22:15.138543,96.13,3,NVIDIA B200,47.0,616.71,0,164362.0,183359.0,100.0,11.441,3022.72,26.99,0.9,9576.0,43.0,45.0,23.0,27.0,54.0,45.0,44.0,28.0,26.0,27.0,11583.0,11060.0,12040.0,11200.0,15680.0
2026-01-08T01:22:15.138543,96.13,4,NVIDIA B200,49.0,618.28,0,164362.0,183359.0,100.0,11.42,3022.72,26.99,0.9,9576.0,43.0,45.0,23.0,27.0,54.0,45.0,44.0,28.0,26.0,27.0,11583.0,11060.0,12040.0,11200.0,15680.0
2026-01-08T01:22:15.138543,96.13,5,NVIDIA B200,53.0,656.61,0,164362.0,183359.0,100.0,11.467,3022.72,26.99,0.9,9576.0,43.0,45.0,23.0,27.0,54.0,45.0,44.0,28.0,26.0,27.0,11583.0,11060.0,12040.0,11200.0,15680.0
2026-01-08T01:22:15.138543,96.13,6,NVIDIA B200,54.0,649.13,0,164362.0,183359.0,100.0,11.456,3022.72,26.99,0.9,9576.0,43.0,45.0,23.0,27.0,54.0,45.0,44.0,28.0,26.0,27.0,11583.0,11060.0,12040.0,11200.0,15680.0
2026-01-08T01:22:15.138543,96.13,7,NVIDIA B200,50.0,631.98,0,164362.0,183359.0,100.0,11.416,3022.72,26.99,0.9,9576.0,43.0,45.0,23.0,27.0,54.0,45.0,44.0,28.0,26.0,27.0,11583.0,11060.0,12040.0,11200.0,15680.0
2026-01-08T01:22:24.886576,105.88,0,NVIDIA B200,46.0,625.28,0,164362.0,183359.0,100.0,19.37,3022.72,26.99,0.9,9580.0,43.0,45.0,23.0,27.0,54.0,45.0,45.0,28.0,26.0,27.0,11583.0,11060.0,12040.0,11177.0,15680.0
2026-01-08T01:22:24.886576,105.88,1,NVIDIA B200,52.0,621.95,0,164362.0,183359.0,100.0,19.362,3022.72,26.99,0.9,9580.0,43.0,45.0,23.0,27.0,54.0,45.0,45.0,28.0,26.0,27.0,11583.0,11060.0,12040.0,11177.0,15680.0
2026-01-08T01:22:24.886576,105.88,2,NVIDIA B200,53.0,625.83,0,164362.0,183359.0,100.0,19.358,3022.72,26.99,0.9,9580.0,43.0,45.0,23.0,27.0,54.0,45.0,45.0,28.0,26.0,27.0,11583.0,11060.0,12040.0,11177.0,15680.0
2026-01-08T01:22:24.886576,105.88,3,NVIDIA B200,47.0,616.71,0,164362.0,183359.0,100.0,19.373,3022.72,26.99,0.9,9580.0,43.0,45.0,23.0,27.0,54.0,45.0,45.0,28.0,26.0,27.0,11583.0,11060.0,12040.0,11177.0,15680.0
2026-01-08T01:22:24.886576,105.88,4,NVIDIA B200,49.0,617.88,0,164362.0,183359.0,100.0,19.364,3022.72,26.99,0.9,9580.0,43.0,45.0,23.0,27.0,54.0,45.0,45.0,28.0,26.0,27.0,11583.0,11060.0,12040.0,11177.0,15680.0
2026-01-08T01:22:24.886576,105.88,5,NVIDIA B200,53.0,656.9,0,164362.0,183359.0,100.0,19.367,3022.72,26.99,0.9,9580.0,43.0,45.0,23.0,27.0,54.0,45.0,45.0,28.0,26.0,27.0,11583.0,11060.0,12040.0,11177.0,15680.0
2026-01-08T01:22:24.886576,105.88,6,NVIDIA B200,55.0,649.83,0,164362.0,183359.0,100.0,19.352,3022.72,26.99,0.9,9580.0,43.0,45.0,23.0,27.0,54.0,45.0,45.0,28.0,26.0,27.0,11583.0,11060.0,12040.0,11177.0,15680.0
2026-01-08T01:22:24.886576,105.88,7,NVIDIA B200,50.0,632.14,0,164362.0,183359.0,100.0,19.374,3022.72,26.99,0.9,9580.0,43.0,45.0,23.0,27.0,54.0,45.0,45.0,28.0,26.0,27.0,11583.0,11060.0,12040.0,11177.0,15680.0
2026-01-08T01:22:32.858296,113.85,0,NVIDIA B200,46.0,625.67,0,164362.0,183359.0,100.0,19.37,3022.72,26.99,0.9,9582.0,43.0,46.0,23.0,27.0,54.0,44.0,44.0,28.0,27.0,27.0,11583.0,11060.0,12040.0,11200.0,15610.0
2026-01-08T01:22:32.858296,113.85,1,NVIDIA B200,52.0,622.19,0,164362.0,183359.0,100.0,19.362,3022.72,26.99,0.9,9582.0,43.0,46.0,23.0,27.0,54.0,44.0,44.0,28.0,27.0,27.0,11583.0,11060.0,12040.0,11200.0,15610.0
2026-01-08T01:22:32.858296,113.85,2,NVIDIA B200,54.0,626.03,0,164362.0,183359.0,100.0,19.358,3022.72,26.99,0.9,9582.0,43.0,46.0,23.0,27.0,54.0,44.0,44.0,28.0,27.0,27.0,11583.0,11060.0,12040.0,11200.0,15610.0
2026-01-08T01:22:32.858296,113.85,3,NVIDIA B200,47.0,617.09,0,164362.0,183359.0,100.0,19.373,3022.72,26.99,0.9,9582.0,43.0,46.0,23.0,27.0,54.0,44.0,44.0,28.0,27.0,27.0,11583.0,11060.0,12040.0,11200.0,15610.0
2026-01-08T01:22:32.858296,113.85,4,NVIDIA B200,49.0,618.27,0,164362.0,183359.0,100.0,19.364,3022.72,26.99,0.9,9582.0,43.0,46.0,23.0,27.0,54.0,44.0,44.0,28.0,27.0,27.0,11583.0,11060.0,12040.0,11200.0,15610.0
2026-01-08T01:22:32.858296,113.85,5,NVIDIA B200,53.0,656.8,0,164362.0,183359.0,100.0,19.367,3022.72,26.99,0.9,9582.0,43.0,46.0,23.0,27.0,54.0,44.0,44.0,28.0,27.0,27.0,11583.0,11060.0,12040.0,11200.0,15610.0
2026-01-08T01:22:32.858296,113.85,6,NVIDIA B200,55.0,649.87,0,164362.0,183359.0,100.0,19.352,3022.72,26.99,0.9,9582.0,43.0,46.0,23.0,27.0,54.0,44.0,44.0,28.0,27.0,27.0,11583.0,11060.0,12040.0,11200.0,15610.0
2026-01-08T01:22:32.858296,113.85,7,NVIDIA B200,50.0,632.19,0,164362.0,183359.0,100.0,19.374,3022.72,26.99,0.9,9582.0,43.0,46.0,23.0,27.0,54.0,44.0,44.0,28.0,27.0,27.0,11583.0,11060.0,12040.0,11200.0,15610.0
2026-01-08T01:22:42.622700,123.61,0,NVIDIA B200,47.0,625.99,0,164362.0,183359.0,100.0,19.37,3022.72,26.96,0.9,9570.0,43.0,45.0,23.0,27.0,54.0,45.0,44.0,28.0,27.0,27.0,11601.0,11060.0,12040.0,11200.0,15645.0
2026-01-08T01:22:42.622700,123.61,1,NVIDIA B200,52.0,622.51,0,164362.0,183359.0,100.0,19.362,3022.72,26.96,0.9,9570.0,43.0,45.0,23.0,27.0,54.0,45.0,44.0,28.0,27.0,27.0,11601.0,11060.0,12040.0,11200.0,15645.0
2026-01-08T01:22:42.622700,123.61,2,NVIDIA B200,54.0,626.05,0,164362.0,183359.0,100.0,19.358,3022.72,26.96,0.9,9570.0,43.0,45.0,23.0,27.0,54.0,45.0,44.0,28.0,27.0,27.0,11601.0,11060.0,12040.0,11200.0,15645.0
2026-01-08T01:22:42.622700,123.61,3,NVIDIA B200,47.0,616.85,0,164362.0,183359.0,100.0,19.373,3022.72,26.96,0.9,9570.0,43.0,45.0,23.0,27.0,54.0,45.0,44.0,28.0,27.0,27.0,11601.0,11060.0,12040.0,11200.0,15645.0
2026-01-08T01:22:42.622700,123.61,4,NVIDIA B200,49.0,618.17,0,164362.0,183359.0,100.0,19.364,3022.72,26.96,0.9,9570.0,43.0,45.0,23.0,27.0,54.0,45.0,44.0,28.0,27.0,27.0,11601.0,11060.0,12040.0,11200.0,15645.0
2026-01-08T01:22:42.622700,123.61,5,NVIDIA B200,53.0,657.08,0,164362.0,183359.0,100.0,19.367,3022.72,26.96,0.9,9570.0,43.0,45.0,23.0,27.0,54.0,45.0,44.0,28.0,27.0,27.0,11601.0,11060.0,12040.0,11200.0,15645.0
2026-01-08T01:22:42.622700,123.61,6,NVIDIA B200,55.0,650.08,0,164362.0,183359.0,100.0,19.352,3022.72,26.96,0.9,9570.0,43.0,45.0,23.0,27.0,54.0,45.0,44.0,28.0,27.0,27.0,11601.0,11060.0,12040.0,11200.0,15645.0
2026-01-08T01:22:42.622700,123.61,7,NVIDIA B200,50.0,632.32,0,164362.0,183359.0,100.0,19.374,3022.72,26.96,0.9,9570.0,43.0,45.0,23.0,27.0,54.0,45.0,44.0,28.0,27.0,27.0,11601.0,11060.0,12040.0,11200.0,15645.0
2026-01-08T01:22:50.462128,131.45,0,NVIDIA B200,46.0,625.29,0,164362.0,183359.0,100.0,19.37,3022.72,26.95,0.9,9578.0,43.0,45.0,23.0,26.0,54.0,44.0,45.0,28.0,26.0,27.0,11592.0,11060.0,12040.0,11223.0,15680.0
2026-01-08T01:22:50.462128,131.45,1,NVIDIA B200,52.0,622.24,0,164362.0,183359.0,100.0,19.362,3022.72,26.95,0.9,9578.0,43.0,45.0,23.0,26.0,54.0,44.0,45.0,28.0,26.0,27.0,11592.0,11060.0,12040.0,11223.0,15680.0
2026-01-08T01:22:50.462128,131.45,2,NVIDIA B200,54.0,625.93,0,164362.0,183359.0,100.0,19.358,3022.72,26.95,0.9,9578.0,43.0,45.0,23.0,26.0,54.0,44.0,45.0,28.0,26.0,27.0,11592.0,11060.0,12040.0,11223.0,15680.0
2026-01-08T01:22:50.462128,131.45,3,NVIDIA B200,47.0,616.85,0,164362.0,183359.0,100.0,19.373,3022.72,26.95,0.9,9578.0,43.0,45.0,23.0,26.0,54.0,44.0,45.0,28.0,26.0,27.0,11592.0,11060.0,12040.0,11223.0,15680.0
2026-01-08T01:22:50.462128,131.45,4,NVIDIA B200,49.0,618.16,0,164362.0,183359.0,100.0,19.364,3022.72,26.95,0.9,9578.0,43.0,45.0,23.0,26.0,54.0,44.0,45.0,28.0,26.0,27.0,11592.0,11060.0,12040.0,11223.0,15680.0
2026-01-08T01:22:50.462128,131.45,5,NVIDIA B200,53.0,657.04,0,164362.0,183359.0,100.0,19.367,3022.72,26.95,0.9,9578.0,43.0,45.0,23.0,26.0,54.0,44.0,45.0,28.0,26.0,27.0,11592.0,11060.0,12040.0,11223.0,15680.0
2026-01-08T01:22:50.462128,131.45,6,NVIDIA B200,54.0,649.74,0,164362.0,183359.0,100.0,19.352,3022.72,26.95,0.9,9578.0,43.0,45.0,23.0,26.0,54.0,44.0,45.0,28.0,26.0,27.0,11592.0,11060.0,12040.0,11223.0,15680.0
2026-01-08T01:22:50.462128,131.45,7,NVIDIA B200,50.0,632.23,0,164362.0,183359.0,100.0,19.374,3022.72,26.95,0.9,9578.0,43.0,45.0,23.0,26.0,54.0,44.0,45.0,28.0,26.0,27.0,11592.0,11060.0,12040.0,11223.0,15680.0
2026-01-08T01:22:58.790517,139.78,0,NVIDIA B200,46.0,625.17,0,164362.0,183359.0,100.0,19.37,3022.72,26.98,0.9,9576.0,43.0,45.0,23.0,27.0,54.0,44.0,44.0,28.0,26.0,27.0,11583.0,11060.0,12040.0,11200.0,15645.0
2026-01-08T01:22:58.790517,139.78,1,NVIDIA B200,52.0,621.97,0,164362.0,183359.0,100.0,19.361,3022.72,26.98,0.9,9576.0,43.0,45.0,23.0,27.0,54.0,44.0,44.0,28.0,26.0,27.0,11583.0,11060.0,12040.0,11200.0,15645.0
2026-01-08T01:22:58.790517,139.78,2,NVIDIA B200,54.0,626.09,0,164362.0,183359.0,100.0,19.358,3022.72,26.98,0.9,9576.0,43.0,45.0,23.0,27.0,54.0,44.0,44.0,28.0,26.0,27.0,11583.0,11060.0,12040.0,11200.0,15645.0
2026-01-08T01:22:58.790517,139.78,3,NVIDIA B200,47.0,616.37,0,164362.0,183359.0,100.0,19.373,3022.72,26.98,0.9,9576.0,43.0,45.0,23.0,27.0,54.0,44.0,44.0,28.0,26.0,27.0,11583.0,11060.0,12040.0,11200.0,15645.0
2026-01-08T01:22:58.790517,139.78,4,NVIDIA B200,49.0,618.16,0,164362.0,183359.0,100.0,19.364,3022.72,26.98,0.9,9576.0,43.0,45.0,23.0,27.0,54.0,44.0,44.0,28.0,26.0,27.0,11583.0,11060.0,12040.0,11200.0,15645.0
2026-01-08T01:22:58.790517,139.78,5,NVIDIA B200,53.0,656.92,0,164362.0,183359.0,100.0,19.367,3022.72,26.98,0.9,9576.0,43.0,45.0,23.0,27.0,54.0,44.0,44.0,28.0,26.0,27.0,11583.0,11060.0,12040.0,11200.0,15645.0
2026-01-08T01:22:58.790517,139.78,6,NVIDIA B200,54.0,649.59,0,164362.0,183359.0,100.0,19.352,3022.72,26.98,0.9,9576.0,43.0,45.0,23.0,27.0,54.0,44.0,44.0,28.0,26.0,27.0,11583.0,11060.0,12040.0,11200.0,15645.0
2026-01-08T01:22:58.790517,139.78,7,NVIDIA B200,50.0,631.94,0,164362.0,183359.0,100.0,19.374,3022.72,26.98,0.9,9576.0,43.0,45.0,23.0,27.0,54.0,44.0,44.0,28.0,26.0,27.0,11583.0,11060.0,12040.0,11200.0,15645.0
2026-01-08T01:23:06.986987,147.98,0,NVIDIA B200,46.0,625.49,0,164362.0,183359.0,100.0,19.37,3022.72,26.96,0.9,9584.0,43.0,45.0,23.0,26.0,54.0,45.0,44.0,28.0,26.0,27.0,11573.0,11060.0,12040.0,11177.0,15645.0
2026-01-08T01:23:06.986987,147.98,1,NVIDIA B200,52.0,622.08,0,164362.0,183359.0,100.0,19.361,3022.72,26.96,0.9,9584.0,43.0,45.0,23.0,26.0,54.0,45.0,44.0,28.0,26.0,27.0,11573.0,11060.0,12040.0,11177.0,15645.0
2026-01-08T01:23:06.986987,147.98,2,NVIDIA B200,54.0,626.21,0,164362.0,183359.0,100.0,19.358,3022.72,26.96,0.9,9584.0,43.0,45.0,23.0,26.0,54.0,45.0,44.0,28.0,26.0,27.0,11573.0,11060.0,12040.0,11177.0,15645.0
2026-01-08T01:23:06.986987,147.98,3,NVIDIA B200,47.0,616.59,0,164362.0,183359.0,100.0,19.373,3022.72,26.96,0.9,9584.0,43.0,45.0,23.0,26.0,54.0,45.0,44.0,28.0,26.0,27.0,11573.0,11060.0,12040.0,11177.0,15645.0
2026-01-08T01:23:06.986987,147.98,4,NVIDIA B200,49.0,618.22,0,164362.0,183359.0,100.0,19.364,3022.72,26.96,0.9,9584.0,43.0,45.0,23.0,26.0,54.0,45.0,44.0,28.0,26.0,27.0,11573.0,11060.0,12040.0,11177.0,15645.0
2026-01-08T01:23:06.986987,147.98,5,NVIDIA B200,53.0,657.07,0,164362.0,183359.0,100.0,19.367,3022.72,26.96,0.9,9584.0,43.0,45.0,23.0,26.0,54.0,45.0,44.0,28.0,26.0,27.0,11573.0,11060.0,12040.0,11177.0,15645.0
2026-01-08T01:23:06.986987,147.98,6,NVIDIA B200,54.0,649.65,0,164362.0,183359.0,100.0,19.352,3022.72,26.96,0.9,9584.0,43.0,45.0,23.0,26.0,54.0,45.0,44.0,28.0,26.0,27.0,11573.0,11060.0,12040.0,11177.0,15645.0
2026-01-08T01:23:06.986987,147.98,7,NVIDIA B200,50.0,632.07,0,164362.0,183359.0,100.0,19.374,3022.72,26.96,0.9,9584.0,43.0,45.0,23.0,26.0,54.0,45.0,44.0,28.0,26.0,27.0,11573.0,11060.0,12040.0,11177.0,15645.0
2026-01-08T01:23:14.962449,155.95,0,NVIDIA B200,46.0,625.43,0,164362.0,183359.0,100.0,19.37,3022.72,26.97,0.9,9580.0,43.0,45.0,23.0,26.0,54.0,45.0,45.0,28.0,26.0,27.0,11583.0,11060.0,12040.0,11200.0,15680.0
2026-01-08T01:23:14.962449,155.95,1,NVIDIA B200,52.0,622.05,0,164362.0,183359.0,100.0,19.361,3022.72,26.97,0.9,9580.0,43.0,45.0,23.0,26.0,54.0,45.0,45.0,28.0,26.0,27.0,11583.0,11060.0,12040.0,11200.0,15680.0
2026-01-08T01:23:14.962449,155.95,2,NVIDIA B200,53.0,625.83,0,164362.0,183359.0,100.0,19.358,3022.72,26.97,0.9,9580.0,43.0,45.0,23.0,26.0,54.0,45.0,45.0,28.0,26.0,27.0,11583.0,11060.0,12040.0,11200.0,15680.0
2026-01-08T01:23:14.962449,155.95,3,NVIDIA B200,47.0,616.35,0,164362.0,183359.0,100.0,19.373,3022.72,26.97,0.9,9580.0,43.0,45.0,23.0,26.0,54.0,45.0,45.0,28.0,26.0,27.0,11583.0,11060.0,12040.0,11200.0,15680.0
2026-01-08T01:23:14.962449,155.95,4,NVIDIA B200,49.0,617.59,0,164362.0,183359.0,100.0,19.364,3022.72,26.97,0.9,9580.0,43.0,45.0,23.0,26.0,54.0,45.0,45.0,28.0,26.0,27.0,11583.0,11060.0,12040.0,11200.0,15680.0
2026-01-08T01:23:14.962449,155.95,5,NVIDIA B200,53.0,657.02,0,164362.0,183359.0,100.0,19.367,3022.72,26.97,0.9,9580.0,43.0,45.0,23.0,26.0,54.0,45.0,45.0,28.0,26.0,27.0,11583.0,11060.0,12040.0,11200.0,15680.0
2026-01-08T01:23:14.962449,155.95,6,NVIDIA B200,54.0,649.66,0,164362.0,183359.0,100.0,19.352,3022.72,26.97,0.9,9580.0,43.0,45.0,23.0,26.0,54.0,45.0,45.0,28.0,26.0,27.0,11583.0,11060.0,12040.0,11200.0,15680.0
2026-01-08T01:23:14.962449,155.95,7,NVIDIA B200,50.0,631.8,0,164362.0,183359.0,100.0,19.374,3022.72,26.97,0.9,9580.0,43.0,45.0,23.0,26.0,54.0,45.0,45.0,28.0,26.0,27.0,11583.0,11060.0,12040.0,11200.0,15680.0
2026-01-08T01:23:24.090756,165.08,0,NVIDIA B200,46.0,625.93,0,164362.0,183359.0,100.0,19.37,3022.72,26.95,0.9,9575.0,43.0,45.0,23.0,26.0,54.0,44.0,44.0,28.0,26.0,27.0,11601.0,11060.0,12040.0,11200.0,15540.0
2026-01-08T01:23:24.090756,165.08,1,NVIDIA B200,52.0,622.13,0,164362.0,183359.0,100.0,19.361,3022.72,26.95,0.9,9575.0,43.0,45.0,23.0,26.0,54.0,44.0,44.0,28.0,26.0,27.0,11601.0,11060.0,12040.0,11200.0,15540.0
2026-01-08T01:23:24.090756,165.08,2,NVIDIA B200,53.0,625.78,0,164362.0,183359.0,100.0,19.358,3022.72,26.95,0.9,9575.0,43.0,45.0,23.0,26.0,54.0,44.0,44.0,28.0,26.0,27.0,11601.0,11060.0,12040.0,11200.0,15540.0
2026-01-08T01:23:24.090756,165.08,3,NVIDIA B200,47.0,616.5,0,164362.0,183359.0,100.0,19.373,3022.72,26.95,0.9,9575.0,43.0,45.0,23.0,26.0,54.0,44.0,44.0,28.0,26.0,27.0,11601.0,11060.0,12040.0,11200.0,15540.0
2026-01-08T01:23:24.090756,165.08,4,NVIDIA B200,49.0,617.42,0,164362.0,183359.0,100.0,19.364,3022.72,26.95,0.9,9575.0,43.0,45.0,23.0,26.0,54.0,44.0,44.0,28.0,26.0,27.0,11601.0,11060.0,12040.0,11200.0,15540.0
2026-01-08T01:23:24.090756,165.08,5,NVIDIA B200,53.0,656.65,0,164362.0,183359.0,100.0,19.367,3022.72,26.95,0.9,9575.0,43.0,45.0,23.0,26.0,54.0,44.0,44.0,28.0,26.0,27.0,11601.0,11060.0,12040.0,11200.0,15540.0
2026-01-08T01:23:24.090756,165.08,6,NVIDIA B200,54.0,649.91,0,164362.0,183359.0,100.0,19.352,3022.72,26.95,0.9,9575.0,43.0,45.0,23.0,26.0,54.0,44.0,44.0,28.0,26.0,27.0,11601.0,11060.0,12040.0,11200.0,15540.0
2026-01-08T01:23:24.090756,165.08,7,NVIDIA B200,50.0,631.84,0,164362.0,183359.0,100.0,19.374,3022.72,26.95,0.9,9575.0,43.0,45.0,23.0,26.0,54.0,44.0,44.0,28.0,26.0,27.0,11601.0,11060.0,12040.0,11200.0,15540.0
2026-01-08T01:23:31.714089,172.7,0,NVIDIA B200,47.0,628.73,0,164362.0,183359.0,100.0,19.37,3022.72,26.94,0.9,9713.0,43.0,45.0,23.0,26.0,54.0,44.0,44.0,28.0,26.0,27.0,11573.0,11060.0,12040.0,11177.0,15645.0
2026-01-08T01:23:31.714089,172.7,1,NVIDIA B200,52.0,625.0,0,164362.0,183359.0,100.0,19.361,3022.72,26.94,0.9,9713.0,43.0,45.0,23.0,26.0,54.0,44.0,44.0,28.0,26.0,27.0,11573.0,11060.0,12040.0,11177.0,15645.0
2026-01-08T01:23:31.714089,172.7,2,NVIDIA B200,54.0,628.31,0,164362.0,183359.0,100.0,19.358,3022.72,26.94,0.9,9713.0,43.0,45.0,23.0,26.0,54.0,44.0,44.0,28.0,26.0,27.0,11573.0,11060.0,12040.0,11177.0,15645.0
2026-01-08T01:23:31.714089,172.7,3,NVIDIA B200,47.0,619.24,0,164362.0,183359.0,100.0,19.373,3022.72,26.94,0.9,9713.0,43.0,45.0,23.0,26.0,54.0,44.0,44.0,28.0,26.0,27.0,11573.0,11060.0,12040.0,11177.0,15645.0
2026-01-08T01:23:31.714089,172.7,4,NVIDIA B200,49.0,620.75,0,164362.0,183359.0,100.0,19.364,3022.72,26.94,0.9,9713.0,43.0,45.0,23.0,26.0,54.0,44.0,44.0,28.0,26.0,27.0,11573.0,11060.0,12040.0,11177.0,15645.0
2026-01-08T01:23:31.714089,172.7,5,NVIDIA B200,53.0,659.6,0,164362.0,183359.0,100.0,19.367,3022.72,26.94,0.9,9713.0,43.0,45.0,23.0,26.0,54.0,44.0,44.0,28.0,26.0,27.0,11573.0,11060.0,12040.0,11177.0,15645.0
2026-01-08T01:23:31.714089,172.7,6,NVIDIA B200,54.0,652.38,0,164362.0,183359.0,100.0,19.352,3022.72,26.94,0.9,9713.0,43.0,45.0,23.0,26.0,54.0,44.0,44.0,28.0,26.0,27.0,11573.0,11060.0,12040.0,11177.0,15645.0
2026-01-08T01:23:31.714089,172.7,7,NVIDIA B200,50.0,634.63,0,164362.0,183359.0,100.0,19.374,3022.72,26.94,0.9,9713.0,43.0,45.0,23.0,26.0,54.0,44.0,44.0,28.0,26.0,27.0,11573.0,11060.0,12040.0,11177.0,15645.0
2026-01-08T01:23:40.674247,181.66,0,NVIDIA B200,46.0,625.78,0,164362.0,183359.0,100.0,19.37,3022.72,26.96,0.9,9578.0,43.0,44.0,23.0,26.0,54.0,44.0,44.0,28.0,26.0,27.0,11573.0,11060.0,12040.0,11177.0,15610.0
2026-01-08T01:23:40.674247,181.66,1,NVIDIA B200,52.0,622.36,0,164362.0,183359.0,100.0,19.361,3022.72,26.96,0.9,9578.0,43.0,44.0,23.0,26.0,54.0,44.0,44.0,28.0,26.0,27.0,11573.0,11060.0,12040.0,11177.0,15610.0
2026-01-08T01:23:40.674247,181.66,2,NVIDIA B200,54.0,626.1,0,164362.0,183359.0,100.0,19.358,3022.72,26.96,0.9,9578.0,43.0,44.0,23.0,26.0,54.0,44.0,44.0,28.0,26.0,27.0,11573.0,11060.0,12040.0,11177.0,15610.0
2026-01-08T01:23:40.674247,181.66,3,NVIDIA B200,47.0,616.71,0,164362.0,183359.0,100.0,19.373,3022.72,26.96,0.9,9578.0,43.0,44.0,23.0,26.0,54.0,44.0,44.0,28.0,26.0,27.0,11573.0,11060.0,12040.0,11177.0,15610.0
2026-01-08T01:23:40.674247,181.66,4,NVIDIA B200,49.0,618.07,0,164362.0,183359.0,100.0,19.364,3022.72,26.96,0.9,9578.0,43.0,44.0,23.0,26.0,54.0,44.0,44.0,28.0,26.0,27.0,11573.0,11060.0,12040.0,11177.0,15610.0
2026-01-08T01:23:40.674247,181.66,5,NVIDIA B200,53.0,656.8,0,164362.0,183359.0,100.0,19.367,3022.72,26.96,0.9,9578.0,43.0,44.0,23.0,26.0,54.0,44.0,44.0,28.0,26.0,27.0,11573.0,11060.0,12040.0,11177.0,15610.0
2026-01-08T01:23:40.674247,181.66,6,NVIDIA B200,54.0,649.78,0,164362.0,183359.0,100.0,19.352,3022.72,26.96,0.9,9578.0,43.0,44.0,23.0,26.0,54.0,44.0,44.0,28.0,26.0,27.0,11573.0,11060.0,12040.0,11177.0,15610.0
2026-01-08T01:23:40.674247,181.66,7,NVIDIA B200,50.0,632.12,0,164362.0,183359.0,100.0,19.374,3022.72,26.96,0.9,9578.0,43.0,44.0,23.0,26.0,54.0,44.0,44.0,28.0,26.0,27.0,11573.0,11060.0,12040.0,11177.0,15610.0
2026-01-08T01:23:49.574283,190.56,0,NVIDIA B200,46.0,625.9,0,164362.0,183359.0,100.0,19.37,3022.72,26.96,0.9,9577.0,43.0,44.0,23.0,26.0,54.0,44.0,44.0,28.0,26.0,27.0,11592.0,11060.0,12040.0,11200.0,15610.0
2026-01-08T01:23:49.574283,190.56,1,NVIDIA B200,52.0,622.45,0,164362.0,183359.0,100.0,19.361,3022.72,26.96,0.9,9577.0,43.0,44.0,23.0,26.0,54.0,44.0,44.0,28.0,26.0,27.0,11592.0,11060.0,12040.0,11200.0,15610.0
2026-01-08T01:23:49.574283,190.56,2,NVIDIA B200,54.0,626.08,0,164362.0,183359.0,100.0,19.358,3022.72,26.96,0.9,9577.0,43.0,44.0,23.0,26.0,54.0,44.0,44.0,28.0,26.0,27.0,11592.0,11060.0,12040.0,11200.0,15610.0
2026-01-08T01:23:49.574283,190.56,3,NVIDIA B200,47.0,616.86,0,164362.0,183359.0,100.0,19.373,3022.72,26.96,0.9,9577.0,43.0,44.0,23.0,26.0,54.0,44.0,44.0,28.0,26.0,27.0,11592.0,11060.0,12040.0,11200.0,15610.0
2026-01-08T01:23:49.574283,190.56,4,NVIDIA B200,49.0,618.07,0,164362.0,183359.0,100.0,19.364,3022.72,26.96,0.9,9577.0,43.0,44.0,23.0,26.0,54.0,44.0,44.0,28.0,26.0,27.0,11592.0,11060.0,12040.0,11200.0,15610.0
2026-01-08T01:23:49.574283,190.56,5,NVIDIA B200,53.0,657.09,0,164362.0,183359.0,100.0,19.367,3022.72,26.96,0.9,9577.0,43.0,44.0,23.0,26.0,54.0,44.0,44.0,28.0,26.0,27.0,11592.0,11060.0,12040.0,11200.0,15610.0
2026-01-08T01:23:49.574283,190.56,6,NVIDIA B200,54.0,649.71,0,164362.0,183359.0,100.0,19.352,3022.72,26.96,0.9,9577.0,43.0,44.0,23.0,26.0,54.0,44.0,44.0,28.0,26.0,27.0,11592.0,11060.0,12040.0,11200.0,15610.0
2026-01-08T01:23:49.574283,190.56,7,NVIDIA B200,50.0,632.1,0,164362.0,183359.0,100.0,19.374,3022.72,26.96,0.9,9577.0,43.0,44.0,23.0,26.0,54.0,44.0,44.0,28.0,26.0,27.0,11592.0,11060.0,12040.0,11200.0,15610.0
2026-01-08T01:24:01.166822,202.16,0,NVIDIA B200,46.0,625.63,0,164362.0,183359.0,100.0,19.37,3022.72,26.96,0.9,9573.0,43.0,45.0,23.0,26.0,54.0,44.0,44.0,29.0,26.0,27.0,11592.0,11060.0,12040.0,11200.0,15610.0
2026-01-08T01:24:01.166822,202.16,1,NVIDIA B200,52.0,622.14,0,164362.0,183359.0,100.0,19.361,3022.72,26.96,0.9,9573.0,43.0,45.0,23.0,26.0,54.0,44.0,44.0,29.0,26.0,27.0,11592.0,11060.0,12040.0,11200.0,15610.0
2026-01-08T01:24:01.166822,202.16,2,NVIDIA B200,54.0,626.21,0,164362.0,183359.0,100.0,19.358,3022.72,26.96,0.9,9573.0,43.0,45.0,23.0,26.0,54.0,44.0,44.0,29.0,26.0,27.0,11592.0,11060.0,12040.0,11200.0,15610.0
2026-01-08T01:24:01.166822,202.16,3,NVIDIA B200,47.0,616.9,0,164362.0,183359.0,100.0,19.373,3022.72,26.96,0.9,9573.0,43.0,45.0,23.0,26.0,54.0,44.0,44.0,29.0,26.0,27.0,11592.0,11060.0,12040.0,11200.0,15610.0
2026-01-08T01:24:01.166822,202.16,4,NVIDIA B200,49.0,617.66,0,164362.0,183359.0,100.0,19.364,3022.72,26.96,0.9,9573.0,43.0,45.0,23.0,26.0,54.0,44.0,44.0,29.0,26.0,27.0,11592.0,11060.0,12040.0,11200.0,15610.0
2026-01-08T01:24:01.166822,202.16,5,NVIDIA B200,53.0,656.82,0,164362.0,183359.0,100.0,19.367,3022.72,26.96,0.9,9573.0,43.0,45.0,23.0,26.0,54.0,44.0,44.0,29.0,26.0,27.0,11592.0,11060.0,12040.0,11200.0,15610.0
2026-01-08T01:24:01.166822,202.16,6,NVIDIA B200,54.0,649.56,0,164362.0,183359.0,100.0,19.352,3022.72,26.96,0.9,9573.0,43.0,45.0,23.0,26.0,54.0,44.0,44.0,29.0,26.0,27.0,11592.0,11060.0,12040.0,11200.0,15610.0
2026-01-08T01:24:01.166822,202.16,7,NVIDIA B200,50.0,632.19,0,164362.0,183359.0,100.0,19.374,3022.72,26.96,0.9,9573.0,43.0,45.0,23.0,26.0,54.0,44.0,44.0,29.0,26.0,27.0,11592.0,11060.0,12040.0,11200.0,15610.0
2026-01-08T01:24:10.294376,211.28,0,NVIDIA B200,47.0,626.08,0,164362.0,183359.0,100.0,19.37,3022.72,26.95,0.9,9580.0,42.0,45.0,23.0,26.0,54.0,45.0,44.0,28.0,26.0,27.0,11592.0,11060.0,12040.0,11200.0,15575.0
2026-01-08T01:24:10.294376,211.28,1,NVIDIA B200,52.0,622.56,0,164362.0,183359.0,100.0,19.361,3022.72,26.95,0.9,9580.0,42.0,45.0,23.0,26.0,54.0,45.0,44.0,28.0,26.0,27.0,11592.0,11060.0,12040.0,11200.0,15575.0
2026-01-08T01:24:10.294376,211.28,2,NVIDIA B200,54.0,626.47,0,164362.0,183359.0,100.0,19.357,3022.72,26.95,0.9,9580.0,42.0,45.0,23.0,26.0,54.0,45.0,44.0,28.0,26.0,27.0,11592.0,11060.0,12040.0,11200.0,15575.0
2026-01-08T01:24:10.294376,211.28,3,NVIDIA B200,47.0,617.18,0,164362.0,183359.0,100.0,19.373,3022.72,26.95,0.9,9580.0,42.0,45.0,23.0,26.0,54.0,45.0,44.0,28.0,26.0,27.0,11592.0,11060.0,12040.0,11200.0,15575.0
2026-01-08T01:24:10.294376,211.28,4,NVIDIA B200,49.0,618.77,0,164362.0,183359.0,100.0,19.364,3022.72,26.95,0.9,9580.0,42.0,45.0,23.0,26.0,54.0,45.0,44.0,28.0,26.0,27.0,11592.0,11060.0,12040.0,11200.0,15575.0
2026-01-08T01:24:10.294376,211.28,5,NVIDIA B200,53.0,657.06,0,164362.0,183359.0,100.0,19.367,3022.72,26.95,0.9,9580.0,42.0,45.0,23.0,26.0,54.0,45.0,44.0,28.0,26.0,27.0,11592.0,11060.0,12040.0,11200.0,15575.0
2026-01-08T01:24:10.294376,211.28,6,NVIDIA B200,55.0,649.83,0,164362.0,183359.0,100.0,19.352,3022.72,26.95,0.9,9580.0,42.0,45.0,23.0,26.0,54.0,45.0,44.0,28.0,26.0,27.0,11592.0,11060.0,12040.0,11200.0,15575.0
2026-01-08T01:24:10.294376,211.28,7,NVIDIA B200,51.0,632.52,0,164362.0,183359.0,100.0,19.374,3022.72,26.95,0.9,9580.0,42.0,45.0,23.0,26.0,54.0,45.0,44.0,28.0,26.0,27.0,11592.0,11060.0,12040.0,11200.0,15575.0
2026-01-08T01:24:21.714430,222.7,0,NVIDIA B200,47.0,626.15,0,164362.0,183359.0,100.0,19.37,3022.72,26.93,0.9,9577.0,43.0,45.0,23.0,27.0,54.0,44.0,45.0,29.0,26.0,27.0,11592.0,11060.0,12040.0,11177.0,15610.0
2026-01-08T01:24:21.714430,222.7,1,NVIDIA B200,52.0,622.48,0,164362.0,183359.0,100.0,19.361,3022.72,26.93,0.9,9577.0,43.0,45.0,23.0,27.0,54.0,44.0,45.0,29.0,26.0,27.0,11592.0,11060.0,12040.0,11177.0,15610.0
2026-01-08T01:24:21.714430,222.7,2,NVIDIA B200,54.0,626.57,0,164362.0,183359.0,100.0,19.357,3022.72,26.93,0.9,9577.0,43.0,45.0,23.0,27.0,54.0,44.0,45.0,29.0,26.0,27.0,11592.0,11060.0,12040.0,11177.0,15610.0
2026-01-08T01:24:21.714430,222.7,3,NVIDIA B200,47.0,617.22,0,164362.0,183359.0,100.0,19.373,3022.72,26.93,0.9,9577.0,43.0,45.0,23.0,27.0,54.0,44.0,45.0,29.0,26.0,27.0,11592.0,11060.0,12040.0,11177.0,15610.0
2026-01-08T01:24:21.714430,222.7,4,NVIDIA B200,49.0,618.63,0,164362.0,183359.0,100.0,19.364,3022.72,26.93,0.9,9577.0,43.0,45.0,23.0,27.0,54.0,44.0,45.0,29.0,26.0,27.0,11592.0,11060.0,12040.0,11177.0,15610.0
2026-01-08T01:24:21.714430,222.7,5,NVIDIA B200,53.0,657.21,0,164362.0,183359.0,100.0,19.367,3022.72,26.93,0.9,9577.0,43.0,45.0,23.0,27.0,54.0,44.0,45.0,29.0,26.0,27.0,11592.0,11060.0,12040.0,11177.0,15610.0
2026-01-08T01:24:21.714430,222.7,6,NVIDIA B200,55.0,649.95,0,164362.0,183359.0,100.0,19.352,3022.72,26.93,0.9,9577.0,43.0,45.0,23.0,27.0,54.0,44.0,45.0,29.0,26.0,27.0,11592.0,11060.0,12040.0,11177.0,15610.0
2026-01-08T01:24:21.714430,222.7,7,NVIDIA B200,50.0,632.44,0,164362.0,183359.0,100.0,19.374,3022.72,26.93,0.9,9577.0,43.0,45.0,23.0,27.0,54.0,44.0,45.0,29.0,26.0,27.0,11592.0,11060.0,12040.0,11177.0,15610.0
2026-01-08T01:24:30.962280,231.95,0,NVIDIA B200,47.0,634.12,0,164362.0,183359.0,100.0,19.37,3022.72,26.92,0.9,9575.0,43.0,46.0,23.0,26.0,54.0,44.0,45.0,28.0,26.0,27.0,11573.0,11060.0,12040.0,11200.0,15540.0
2026-01-08T01:24:30.962280,231.95,1,NVIDIA B200,52.0,622.84,0,164362.0,183359.0,100.0,19.361,3022.72,26.92,0.9,9575.0,43.0,46.0,23.0,26.0,54.0,44.0,45.0,28.0,26.0,27.0,11573.0,11060.0,12040.0,11200.0,15540.0
2026-01-08T01:24:30.962280,231.95,2,NVIDIA B200,54.0,626.74,0,164362.0,183359.0,100.0,19.357,3022.72,26.92,0.9,9575.0,43.0,46.0,23.0,26.0,54.0,44.0,45.0,28.0,26.0,27.0,11573.0,11060.0,12040.0,11200.0,15540.0
2026-01-08T01:24:30.962280,231.95,3,NVIDIA B200,47.0,617.17,0,164362.0,183359.0,100.0,19.373,3022.72,26.92,0.9,9575.0,43.0,46.0,23.0,26.0,54.0,44.0,45.0,28.0,26.0,27.0,11573.0,11060.0,12040.0,11200.0,15540.0
2026-01-08T01:24:30.962280,231.95,4,NVIDIA B200,49.0,617.82,0,164362.0,183359.0,100.0,19.364,3022.72,26.92,0.9,9575.0,43.0,46.0,23.0,26.0,54.0,44.0,45.0,28.0,26.0,27.0,11573.0,11060.0,12040.0,11200.0,15540.0
2026-01-08T01:24:30.962280,231.95,5,NVIDIA B200,53.0,657.22,0,164362.0,183359.0,100.0,19.367,3022.72,26.92,0.9,9575.0,43.0,46.0,23.0,26.0,54.0,44.0,45.0,28.0,26.0,27.0,11573.0,11060.0,12040.0,11200.0,15540.0
2026-01-08T01:24:30.962280,231.95,6,NVIDIA B200,55.0,650.04,0,164362.0,183359.0,100.0,19.352,3022.72,26.92,0.9,9575.0,43.0,46.0,23.0,26.0,54.0,44.0,45.0,28.0,26.0,27.0,11573.0,11060.0,12040.0,11200.0,15540.0
2026-01-08T01:24:30.962280,231.95,7,NVIDIA B200,50.0,632.44,0,164362.0,183359.0,100.0,19.374,3022.72,26.92,0.9,9575.0,43.0,46.0,23.0,26.0,54.0,44.0,45.0,28.0,26.0,27.0,11573.0,11060.0,12040.0,11200.0,15540.0
2026-01-08T01:24:38.838500,239.83,0,NVIDIA B200,46.0,625.79,0,164362.0,183359.0,100.0,19.37,3022.72,26.93,0.9,9582.0,40.0,46.0,23.0,26.0,54.0,44.0,45.0,29.0,26.0,27.0,11583.0,11060.0,12040.0,11177.0,15575.0
2026-01-08T01:24:38.838500,239.83,1,NVIDIA B200,52.0,622.81,0,164362.0,183359.0,100.0,19.361,3022.72,26.93,0.9,9582.0,40.0,46.0,23.0,26.0,54.0,44.0,45.0,29.0,26.0,27.0,11583.0,11060.0,12040.0,11177.0,15575.0
2026-01-08T01:24:38.838500,239.83,2,NVIDIA B200,54.0,626.41,0,164362.0,183359.0,100.0,19.357,3022.72,26.93,0.9,9582.0,40.0,46.0,23.0,26.0,54.0,44.0,45.0,29.0,26.0,27.0,11583.0,11060.0,12040.0,11177.0,15575.0
2026-01-08T01:24:38.838500,239.83,3,NVIDIA B200,47.0,616.89,0,164362.0,183359.0,100.0,19.373,3022.72,26.93,0.9,9582.0,40.0,46.0,23.0,26.0,54.0,44.0,45.0,29.0,26.0,27.0,11583.0,11060.0,12040.0,11177.0,15575.0
2026-01-08T01:24:38.838500,239.83,4,NVIDIA B200,49.0,618.19,0,164362.0,183359.0,100.0,19.364,3022.72,26.93,0.9,9582.0,40.0,46.0,23.0,26.0,54.0,44.0,45.0,29.0,26.0,27.0,11583.0,11060.0,12040.0,11177.0,15575.0
2026-01-08T01:24:38.838500,239.83,5,NVIDIA B200,53.0,657.04,0,164362.0,183359.0,100.0,19.367,3022.72,26.93,0.9,9582.0,40.0,46.0,23.0,26.0,54.0,44.0,45.0,29.0,26.0,27.0,11583.0,11060.0,12040.0,11177.0,15575.0
2026-01-08T01:24:38.838500,239.83,6,NVIDIA B200,54.0,649.66,0,164362.0,183359.0,100.0,19.352,3022.72,26.93,0.9,9582.0,40.0,46.0,23.0,26.0,54.0,44.0,45.0,29.0,26.0,27.0,11583.0,11060.0,12040.0,11177.0,15575.0
2026-01-08T01:24:38.838500,239.83,7,NVIDIA B200,50.0,632.15,0,164362.0,183359.0,100.0,19.374,3022.72,26.93,0.9,9582.0,40.0,46.0,23.0,26.0,54.0,44.0,45.0,29.0,26.0,27.0,11583.0,11060.0,12040.0,11177.0,15575.0
2026-01-08T01:24:47.966432,248.96,0,NVIDIA B200,47.0,626.01,0,164362.0,183359.0,100.0,19.37,3022.72,26.94,0.9,9581.0,39.0,46.0,23.0,26.0,54.0,44.0,44.0,28.0,26.0,27.0,11583.0,11060.0,12040.0,11200.0,15680.0
2026-01-08T01:24:47.966432,248.96,1,NVIDIA B200,52.0,622.62,0,164362.0,183359.0,100.0,19.361,3022.72,26.94,0.9,9581.0,39.0,46.0,23.0,26.0,54.0,44.0,44.0,28.0,26.0,27.0,11583.0,11060.0,12040.0,11200.0,15680.0
2026-01-08T01:24:47.966432,248.96,2,NVIDIA B200,54.0,626.17,0,164362.0,183359.0,100.0,19.358,3022.72,26.94,0.9,9581.0,39.0,46.0,23.0,26.0,54.0,44.0,44.0,28.0,26.0,27.0,11583.0,11060.0,12040.0,11200.0,15680.0
2026-01-08T01:24:47.966432,248.96,3,NVIDIA B200,47.0,616.87,0,164362.0,183359.0,100.0,19.373,3022.72,26.94,0.9,9581.0,39.0,46.0,23.0,26.0,54.0,44.0,44.0,28.0,26.0,27.0,11583.0,11060.0,12040.0,11200.0,15680.0
2026-01-08T01:24:47.966432,248.96,4,NVIDIA B200,49.0,618.58,0,164362.0,183359.0,100.0,19.364,3022.72,26.94,0.9,9581.0,39.0,46.0,23.0,26.0,54.0,44.0,44.0,28.0,26.0,27.0,11583.0,11060.0,12040.0,11200.0,15680.0
2026-01-08T01:24:47.966432,248.96,5,NVIDIA B200,53.0,657.04,0,164362.0,183359.0,100.0,19.367,3022.72,26.94,0.9,9581.0,39.0,46.0,23.0,26.0,54.0,44.0,44.0,28.0,26.0,27.0,11583.0,11060.0,12040.0,11200.0,15680.0
2026-01-08T01:24:47.966432,248.96,6,NVIDIA B200,55.0,649.63,0,164362.0,183359.0,100.0,19.352,3022.72,26.94,0.9,9581.0,39.0,46.0,23.0,26.0,54.0,44.0,44.0,28.0,26.0,27.0,11583.0,11060.0,12040.0,11200.0,15680.0
2026-01-08T01:24:47.966432,248.96,7,NVIDIA B200,50.0,631.99,0,164362.0,183359.0,100.0,19.374,3022.72,26.94,0.9,9581.0,39.0,46.0,23.0,26.0,54.0,44.0,44.0,28.0,26.0,27.0,11583.0,11060.0,12040.0,11200.0,15680.0
2026-01-08T01:24:55.950243,256.94,0,NVIDIA B200,46.0,625.98,0,164362.0,183359.0,100.0,19.37,3022.72,26.94,0.9,9575.0,39.0,46.0,23.0,26.0,54.0,45.0,46.0,29.0,26.0,27.0,11592.0,11060.0,12040.0,11200.0,15610.0
2026-01-08T01:24:55.950243,256.94,1,NVIDIA B200,52.0,622.68,0,164362.0,183359.0,100.0,19.361,3022.72,26.94,0.9,9575.0,39.0,46.0,23.0,26.0,54.0,45.0,46.0,29.0,26.0,27.0,11592.0,11060.0,12040.0,11200.0,15610.0
2026-01-08T01:24:55.950243,256.94,2,NVIDIA B200,54.0,626.26,0,164362.0,183359.0,100.0,19.358,3022.72,26.94,0.9,9575.0,39.0,46.0,23.0,26.0,54.0,45.0,46.0,29.0,26.0,27.0,11592.0,11060.0,12040.0,11200.0,15610.0
2026-01-08T01:24:55.950243,256.94,3,NVIDIA B200,47.0,616.87,0,164362.0,183359.0,100.0,19.373,3022.72,26.94,0.9,9575.0,39.0,46.0,23.0,26.0,54.0,45.0,46.0,29.0,26.0,27.0,11592.0,11060.0,12040.0,11200.0,15610.0
2026-01-08T01:24:55.950243,256.94,4,NVIDIA B200,49.0,617.9,0,164362.0,183359.0,100.0,19.364,3022.72,26.94,0.9,9575.0,39.0,46.0,23.0,26.0,54.0,45.0,46.0,29.0,26.0,27.0,11592.0,11060.0,12040.0,11200.0,15610.0
2026-01-08T01:24:55.950243,256.94,5,NVIDIA B200,53.0,656.9,0,164362.0,183359.0,100.0,19.367,3022.72,26.94,0.9,9575.0,39.0,46.0,23.0,26.0,54.0,45.0,46.0,29.0,26.0,27.0,11592.0,11060.0,12040.0,11200.0,15610.0
2026-01-08T01:24:55.950243,256.94,6,NVIDIA B200,54.0,649.82,0,164362.0,183359.0,100.0,19.352,3022.72,26.94,0.9,9575.0,39.0,46.0,23.0,26.0,54.0,45.0,46.0,29.0,26.0,27.0,11592.0,11060.0,12040.0,11200.0,15610.0
2026-01-08T01:24:55.950243,256.94,7,NVIDIA B200,50.0,632.04,0,164362.0,183359.0,100.0,19.374,3022.72,26.94,0.9,9575.0,39.0,46.0,23.0,26.0,54.0,45.0,46.0,29.0,26.0,27.0,11592.0,11060.0,12040.0,11200.0,15610.0
2026-01-08T01:25:05.138413,266.13,0,NVIDIA B200,47.0,626.38,0,164362.0,183359.0,100.0,19.37,3022.72,26.94,0.9,9585.0,43.0,46.0,23.0,26.0,54.0,45.0,44.0,28.0,26.0,27.0,11601.0,11060.0,12040.0,11223.0,15645.0
2026-01-08T01:25:05.138413,266.13,1,NVIDIA B200,52.0,622.77,0,164362.0,183359.0,100.0,19.361,3022.72,26.94,0.9,9585.0,43.0,46.0,23.0,26.0,54.0,45.0,44.0,28.0,26.0,27.0,11601.0,11060.0,12040.0,11223.0,15645.0
2026-01-08T01:25:05.138413,266.13,2,NVIDIA B200,54.0,626.1,0,164362.0,183359.0,100.0,19.358,3022.72,26.94,0.9,9585.0,43.0,46.0,23.0,26.0,54.0,45.0,44.0,28.0,26.0,27.0,11601.0,11060.0,12040.0,11223.0,15645.0
2026-01-08T01:25:05.138413,266.13,3,NVIDIA B200,47.0,616.75,0,164362.0,183359.0,100.0,19.373,3022.72,26.94,0.9,9585.0,43.0,46.0,23.0,26.0,54.0,45.0,44.0,28.0,26.0,27.0,11601.0,11060.0,12040.0,11223.0,15645.0
2026-01-08T01:25:05.138413,266.13,4,NVIDIA B200,49.0,618.4,0,164362.0,183359.0,100.0,19.364,3022.72,26.94,0.9,9585.0,43.0,46.0,23.0,26.0,54.0,45.0,44.0,28.0,26.0,27.0,11601.0,11060.0,12040.0,11223.0,15645.0
2026-01-08T01:25:05.138413,266.13,5,NVIDIA B200,53.0,657.14,0,164362.0,183359.0,100.0,19.367,3022.72,26.94,0.9,9585.0,43.0,46.0,23.0,26.0,54.0,45.0,44.0,28.0,26.0,27.0,11601.0,11060.0,12040.0,11223.0,15645.0
2026-01-08T01:25:05.138413,266.13,6,NVIDIA B200,55.0,649.78,0,164362.0,183359.0,100.0,19.352,3022.72,26.94,0.9,9585.0,43.0,46.0,23.0,26.0,54.0,45.0,44.0,28.0,26.0,27.0,11601.0,11060.0,12040.0,11223.0,15645.0
2026-01-08T01:25:05.138413,266.13,7,NVIDIA B200,50.0,632.5,0,164362.0,183359.0,100.0,19.374,3022.72,26.94,0.9,9585.0,43.0,46.0,23.0,26.0,54.0,45.0,44.0,28.0,26.0,27.0,11601.0,11060.0,12040.0,11223.0,15645.0
2026-01-08T01:25:12.838189,273.83,0,NVIDIA B200,46.0,625.79,0,164362.0,183359.0,100.0,19.37,3022.72,26.92,0.9,9578.0,43.0,46.0,23.0,26.0,54.0,44.0,45.0,28.0,26.0,27.0,11592.0,11060.0,12040.0,11200.0,15680.0
2026-01-08T01:25:12.838189,273.83,1,NVIDIA B200,52.0,622.6,0,164362.0,183359.0,100.0,19.361,3022.72,26.92,0.9,9578.0,43.0,46.0,23.0,26.0,54.0,44.0,45.0,28.0,26.0,27.0,11592.0,11060.0,12040.0,11200.0,15680.0
2026-01-08T01:25:12.838189,273.83,2,NVIDIA B200,54.0,626.32,0,164362.0,183359.0,100.0,19.358,3022.72,26.92,0.9,9578.0,43.0,46.0,23.0,26.0,54.0,44.0,45.0,28.0,26.0,27.0,11592.0,11060.0,12040.0,11200.0,15680.0
2026-01-08T01:25:12.838189,273.83,3,NVIDIA B200,47.0,616.9,0,164362.0,183359.0,100.0,19.373,3022.72,26.92,0.9,9578.0,43.0,46.0,23.0,26.0,54.0,44.0,45.0,28.0,26.0,27.0,11592.0,11060.0,12040.0,11200.0,15680.0
2026-01-08T01:25:12.838189,273.83,4,NVIDIA B200,49.0,618.65,0,164362.0,183359.0,100.0,19.364,3022.72,26.92,0.9,9578.0,43.0,46.0,23.0,26.0,54.0,44.0,45.0,28.0,26.0,27.0,11592.0,11060.0,12040.0,11200.0,15680.0
2026-01-08T01:25:12.838189,273.83,5,NVIDIA B200,53.0,656.99,0,164362.0,183359.0,100.0,19.367,3022.72,26.92,0.9,9578.0,43.0,46.0,23.0,26.0,54.0,44.0,45.0,28.0,26.0,27.0,11592.0,11060.0,12040.0,11200.0,15680.0
2026-01-08T01:25:12.838189,273.83,6,NVIDIA B200,55.0,650.01,0,164362.0,183359.0,100.0,19.352,3022.72,26.92,0.9,9578.0,43.0,46.0,23.0,26.0,54.0,44.0,45.0,28.0,26.0,27.0,11592.0,11060.0,12040.0,11200.0,15680.0
2026-01-08T01:25:12.838189,273.83,7,NVIDIA B200,50.0,632.56,0,164362.0,183359.0,100.0,19.374,3022.72,26.92,0.9,9578.0,43.0,46.0,23.0,26.0,54.0,44.0,45.0,28.0,26.0,27.0,11592.0,11060.0,12040.0,11200.0,15680.0
2026-01-08T01:25:20.810812,281.8,0,NVIDIA B200,46.0,625.55,0,164362.0,183359.0,100.0,19.37,3022.72,26.93,0.9,9578.0,43.0,45.0,23.0,26.0,54.0,45.0,44.0,28.0,26.0,27.0,11583.0,11060.0,12040.0,11200.0,15540.0
2026-01-08T01:25:20.810812,281.8,1,NVIDIA B200,52.0,622.35,0,164362.0,183359.0,100.0,19.361,3022.72,26.93,0.9,9578.0,43.0,45.0,23.0,26.0,54.0,45.0,44.0,28.0,26.0,27.0,11583.0,11060.0,12040.0,11200.0,15540.0
2026-01-08T01:25:20.810812,281.8,2,NVIDIA B200,54.0,626.11,0,164362.0,183359.0,100.0,19.358,3022.72,26.93,0.9,9578.0,43.0,45.0,23.0,26.0,54.0,45.0,44.0,28.0,26.0,27.0,11583.0,11060.0,12040.0,11200.0,15540.0
2026-01-08T01:25:20.810812,281.8,3,NVIDIA B200,47.0,616.72,0,164362.0,183359.0,100.0,19.373,3022.72,26.93,0.9,9578.0,43.0,45.0,23.0,26.0,54.0,45.0,44.0,28.0,26.0,27.0,11583.0,11060.0,12040.0,11200.0,15540.0
2026-01-08T01:25:20.810812,281.8,4,NVIDIA B200,49.0,617.9,0,164362.0,183359.0,100.0,19.364,3022.72,26.93,0.9,9578.0,43.0,45.0,23.0,26.0,54.0,45.0,44.0,28.0,26.0,27.0,11583.0,11060.0,12040.0,11200.0,15540.0
2026-01-08T01:25:20.810812,281.8,5,NVIDIA B200,53.0,656.74,0,164362.0,183359.0,100.0,19.367,3022.72,26.93,0.9,9578.0,43.0,45.0,23.0,26.0,54.0,45.0,44.0,28.0,26.0,27.0,11583.0,11060.0,12040.0,11200.0,15540.0
2026-01-08T01:25:20.810812,281.8,6,NVIDIA B200,55.0,649.72,0,164362.0,183359.0,100.0,19.352,3022.72,26.93,0.9,9578.0,43.0,45.0,23.0,26.0,54.0,45.0,44.0,28.0,26.0,27.0,11583.0,11060.0,12040.0,11200.0,15540.0
2026-01-08T01:25:20.810812,281.8,7,NVIDIA B200,50.0,632.26,0,164362.0,183359.0,100.0,19.374,3022.72,26.93,0.9,9578.0,43.0,45.0,23.0,26.0,54.0,45.0,44.0,28.0,26.0,27.0,11583.0,11060.0,12040.0,11200.0,15540.0
2026-01-08T01:25:29.314393,290.3,0,NVIDIA B200,46.0,625.31,0,164362.0,183359.0,100.0,19.37,3022.72,26.93,0.9,9572.0,43.0,45.0,23.0,26.0,54.0,44.0,45.0,28.0,26.0,27.0,11573.0,11060.0,12040.0,11223.0,15575.0
2026-01-08T01:25:29.314393,290.3,1,NVIDIA B200,52.0,622.12,0,164362.0,183359.0,100.0,19.361,3022.72,26.93,0.9,9572.0,43.0,45.0,23.0,26.0,54.0,44.0,45.0,28.0,26.0,27.0,11573.0,11060.0,12040.0,11223.0,15575.0
2026-01-08T01:25:29.314393,290.3,2,NVIDIA B200,53.0,625.92,0,164362.0,183359.0,100.0,19.358,3022.72,26.93,0.9,9572.0,43.0,45.0,23.0,26.0,54.0,44.0,45.0,28.0,26.0,27.0,11573.0,11060.0,12040.0,11223.0,15575.0
2026-01-08T01:25:29.314393,290.3,3,NVIDIA B200,46.0,616.38,0,164362.0,183359.0,100.0,19.373,3022.72,26.93,0.9,9572.0,43.0,45.0,23.0,26.0,54.0,44.0,45.0,28.0,26.0,27.0,11573.0,11060.0,12040.0,11223.0,15575.0
2026-01-08T01:25:29.314393,290.3,4,NVIDIA B200,49.0,618.21,0,164362.0,183359.0,100.0,19.364,3022.72,26.93,0.9,9572.0,43.0,45.0,23.0,26.0,54.0,44.0,45.0,28.0,26.0,27.0,11573.0,11060.0,12040.0,11223.0,15575.0
2026-01-08T01:25:29.314393,290.3,5,NVIDIA B200,53.0,656.82,0,164362.0,183359.0,100.0,19.367,3022.72,26.93,0.9,9572.0,43.0,45.0,23.0,26.0,54.0,44.0,45.0,28.0,26.0,27.0,11573.0,11060.0,12040.0,11223.0,15575.0
2026-01-08T01:25:29.314393,290.3,6,NVIDIA B200,54.0,649.39,0,164362.0,183359.0,100.0,19.352,3022.72,26.93,0.9,9572.0,43.0,45.0,23.0,26.0,54.0,44.0,45.0,28.0,26.0,27.0,11573.0,11060.0,12040.0,11223.0,15575.0
2026-01-08T01:25:29.314393,290.3,7,NVIDIA B200,50.0,632.19,0,164362.0,183359.0,100.0,19.374,3022.72,26.93,0.9,9572.0,43.0,45.0,23.0,26.0,54.0,44.0,45.0,28.0,26.0,27.0,11573.0,11060.0,12040.0,11223.0,15575.0
2026-01-08T01:25:37.622511,298.61,0,NVIDIA B200,46.0,625.4,0,164362.0,183359.0,100.0,19.37,3022.72,26.93,0.9,9574.0,41.0,46.0,23.0,26.0,54.0,44.0,44.0,28.0,26.0,27.0,11592.0,11060.0,12040.0,11200.0,15610.0
2026-01-08T01:25:37.622511,298.61,1,NVIDIA B200,52.0,622.26,0,164362.0,183359.0,100.0,19.361,3022.72,26.93,0.9,9574.0,41.0,46.0,23.0,26.0,54.0,44.0,44.0,28.0,26.0,27.0,11592.0,11060.0,12040.0,11200.0,15610.0
2026-01-08T01:25:37.622511,298.61,2,NVIDIA B200,53.0,625.98,0,164362.0,183359.0,100.0,19.358,3022.72,26.93,0.9,9574.0,41.0,46.0,23.0,26.0,54.0,44.0,44.0,28.0,26.0,27.0,11592.0,11060.0,12040.0,11200.0,15610.0
2026-01-08T01:25:37.622511,298.61,3,NVIDIA B200,47.0,616.57,0,164362.0,183359.0,100.0,19.373,3022.72,26.93,0.9,9574.0,41.0,46.0,23.0,26.0,54.0,44.0,44.0,28.0,26.0,27.0,11592.0,11060.0,12040.0,11200.0,15610.0
2026-01-08T01:25:37.622511,298.61,4,NVIDIA B200,49.0,617.69,0,164362.0,183359.0,100.0,19.364,3022.72,26.93,0.9,9574.0,41.0,46.0,23.0,26.0,54.0,44.0,44.0,28.0,26.0,27.0,11592.0,11060.0,12040.0,11200.0,15610.0
2026-01-08T01:25:37.622511,298.61,5,NVIDIA B200,53.0,656.83,0,164362.0,183359.0,100.0,19.367,3022.72,26.93,0.9,9574.0,41.0,46.0,23.0,26.0,54.0,44.0,44.0,28.0,26.0,27.0,11592.0,11060.0,12040.0,11200.0,15610.0
2026-01-08T01:25:37.622511,298.61,6,NVIDIA B200,54.0,649.71,0,164362.0,183359.0,100.0,19.352,3022.72,26.93,0.9,9574.0,41.0,46.0,23.0,26.0,54.0,44.0,44.0,28.0,26.0,27.0,11592.0,11060.0,12040.0,11200.0,15610.0
2026-01-08T01:25:37.622511,298.61,7,NVIDIA B200,50.0,632.19,0,164362.0,183359.0,100.0,19.374,3022.72,26.93,0.9,9574.0,41.0,46.0,23.0,26.0,54.0,44.0,44.0,28.0,26.0,27.0,11592.0,11060.0,12040.0,11200.0,15610.0
2026-01-08T01:25:47.126412,308.12,0,NVIDIA B200,46.0,627.92,0,164362.0,183359.0,100.0,19.37,3022.72,26.93,0.9,9667.0,41.0,46.0,23.0,26.0,54.0,44.0,45.0,28.0,26.0,27.0,11592.0,11060.0,12040.0,11200.0,15645.0
2026-01-08T01:25:47.126412,308.12,1,NVIDIA B200,52.0,625.1,0,164362.0,183359.0,100.0,19.361,3022.72,26.93,0.9,9667.0,41.0,46.0,23.0,26.0,54.0,44.0,45.0,28.0,26.0,27.0,11592.0,11060.0,12040.0,11200.0,15645.0
2026-01-08T01:25:47.126412,308.12,2,NVIDIA B200,54.0,628.33,0,164362.0,183359.0,100.0,19.358,3022.72,26.93,0.9,9667.0,41.0,46.0,23.0,26.0,54.0,44.0,45.0,28.0,26.0,27.0,11592.0,11060.0,12040.0,11200.0,15645.0
2026-01-08T01:25:47.126412,308.12,3,NVIDIA B200,47.0,619.19,0,164362.0,183359.0,100.0,19.373,3022.72,26.93,0.9,9667.0,41.0,46.0,23.0,26.0,54.0,44.0,45.0,28.0,26.0,27.0,11592.0,11060.0,12040.0,11200.0,15645.0
2026-01-08T01:25:47.126412,308.12,4,NVIDIA B200,49.0,620.56,0,164362.0,183359.0,100.0,19.364,3022.72,26.93,0.9,9667.0,41.0,46.0,23.0,26.0,54.0,44.0,45.0,28.0,26.0,27.0,11592.0,11060.0,12040.0,11200.0,15645.0
2026-01-08T01:25:47.126412,308.12,5,NVIDIA B200,53.0,659.55,0,164362.0,183359.0,100.0,19.367,3022.72,26.93,0.9,9667.0,41.0,46.0,23.0,26.0,54.0,44.0,45.0,28.0,26.0,27.0,11592.0,11060.0,12040.0,11200.0,15645.0
2026-01-08T01:25:47.126412,308.12,6,NVIDIA B200,55.0,652.24,0,164362.0,183359.0,100.0,19.352,3022.72,26.93,0.9,9667.0,41.0,46.0,23.0,26.0,54.0,44.0,45.0,28.0,26.0,27.0,11592.0,11060.0,12040.0,11200.0,15645.0
2026-01-08T01:25:47.126412,308.12,7,NVIDIA B200,50.0,635.31,0,164362.0,183359.0,100.0,19.374,3022.72,26.93,0.9,9667.0,41.0,46.0,23.0,26.0,54.0,44.0,45.0,28.0,26.0,27.0,11592.0,11060.0,12040.0,11200.0,15645.0
2026-01-08T01:25:55.122210,316.11,0,NVIDIA B200,46.0,625.44,0,164362.0,183359.0,100.0,19.37,3022.72,26.93,0.9,9574.0,43.0,46.0,23.0,26.0,54.0,44.0,45.0,28.0,26.0,27.0,11592.0,11060.0,12040.0,11200.0,15610.0
2026-01-08T01:25:55.122210,316.11,1,NVIDIA B200,52.0,622.34,0,164362.0,183359.0,100.0,19.361,3022.72,26.93,0.9,9574.0,43.0,46.0,23.0,26.0,54.0,44.0,45.0,28.0,26.0,27.0,11592.0,11060.0,12040.0,11200.0,15610.0
2026-01-08T01:25:55.122210,316.11,2,NVIDIA B200,54.0,625.98,0,164362.0,183359.0,100.0,19.358,3022.72,26.93,0.9,9574.0,43.0,46.0,23.0,26.0,54.0,44.0,45.0,28.0,26.0,27.0,11592.0,11060.0,12040.0,11200.0,15610.0
2026-01-08T01:25:55.122210,316.11,3,NVIDIA B200,47.0,617.0,0,164362.0,183359.0,100.0,19.373,3022.72,26.93,0.9,9574.0,43.0,46.0,23.0,26.0,54.0,44.0,45.0,28.0,26.0,27.0,11592.0,11060.0,12040.0,11200.0,15610.0
2026-01-08T01:25:55.122210,316.11,4,NVIDIA B200,49.0,617.58,0,164362.0,183359.0,100.0,19.364,3022.72,26.93,0.9,9574.0,43.0,46.0,23.0,26.0,54.0,44.0,45.0,28.0,26.0,27.0,11592.0,11060.0,12040.0,11200.0,15610.0
2026-01-08T01:25:55.122210,316.11,5,NVIDIA B200,53.0,656.93,0,164362.0,183359.0,100.0,19.367,3022.72,26.93,0.9,9574.0,43.0,46.0,23.0,26.0,54.0,44.0,45.0,28.0,26.0,27.0,11592.0,11060.0,12040.0,11200.0,15610.0
2026-01-08T01:25:55.122210,316.11,6,NVIDIA B200,55.0,650.13,0,164362.0,183359.0,100.0,19.352,3022.72,26.93,0.9,9574.0,43.0,46.0,23.0,26.0,54.0,44.0,45.0,28.0,26.0,27.0,11592.0,11060.0,12040.0,11200.0,15610.0
2026-01-08T01:25:55.122210,316.11,7,NVIDIA B200,50.0,632.3,0,164362.0,183359.0,100.0,19.374,3022.72,26.93,0.9,9574.0,43.0,46.0,23.0,26.0,54.0,44.0,45.0,28.0,26.0,27.0,11592.0,11060.0,12040.0,11200.0,15610.0
2026-01-08T01:26:04.570497,325.56,0,NVIDIA B200,46.0,625.66,0,164362.0,183359.0,100.0,19.37,3022.72,26.94,0.9,9589.0,40.0,46.0,23.0,26.0,54.0,44.0,44.0,28.0,26.0,27.0,11592.0,11060.0,12040.0,11200.0,15610.0
2026-01-08T01:26:04.570497,325.56,1,NVIDIA B200,52.0,622.52,0,164362.0,183359.0,100.0,19.361,3022.72,26.94,0.9,9589.0,40.0,46.0,23.0,26.0,54.0,44.0,44.0,28.0,26.0,27.0,11592.0,11060.0,12040.0,11200.0,15610.0
2026-01-08T01:26:04.570497,325.56,2,NVIDIA B200,54.0,626.1,0,164362.0,183359.0,100.0,19.358,3022.72,26.94,0.9,9589.0,40.0,46.0,23.0,26.0,54.0,44.0,44.0,28.0,26.0,27.0,11592.0,11060.0,12040.0,11200.0,15610.0
2026-01-08T01:26:04.570497,325.56,3,NVIDIA B200,47.0,616.87,0,164362.0,183359.0,100.0,19.373,3022.72,26.94,0.9,9589.0,40.0,46.0,23.0,26.0,54.0,44.0,44.0,28.0,26.0,27.0,11592.0,11060.0,12040.0,11200.0,15610.0
2026-01-08T01:26:04.570497,325.56,4,NVIDIA B200,49.0,618.29,0,164362.0,183359.0,100.0,19.364,3022.72,26.94,0.9,9589.0,40.0,46.0,23.0,26.0,54.0,44.0,44.0,28.0,26.0,27.0,11592.0,11060.0,12040.0,11200.0,15610.0
2026-01-08T01:26:04.570497,325.56,5,NVIDIA B200,53.0,656.94,0,164362.0,183359.0,100.0,19.367,3022.72,26.94,0.9,9589.0,40.0,46.0,23.0,26.0,54.0,44.0,44.0,28.0,26.0,27.0,11592.0,11060.0,12040.0,11200.0,15610.0
2026-01-08T01:26:04.570497,325.56,6,NVIDIA B200,55.0,650.05,0,164362.0,183359.0,100.0,19.352,3022.72,26.94,0.9,9589.0,40.0,46.0,23.0,26.0,54.0,44.0,44.0,28.0,26.0,27.0,11592.0,11060.0,12040.0,11200.0,15610.0
2026-01-08T01:26:04.570497,325.56,7,NVIDIA B200,50.0,632.52,0,164362.0,183359.0,100.0,19.374,3022.72,26.94,0.9,9589.0,40.0,46.0,23.0,26.0,54.0,44.0,44.0,28.0,26.0,27.0,11592.0,11060.0,12040.0,11200.0,15610.0
2026-01-08T01:26:12.102181,333.09,0,NVIDIA B200,46.0,625.17,0,164362.0,183359.0,100.0,19.37,3022.72,26.95,0.9,9581.0,40.0,46.0,23.0,26.0,54.0,44.0,44.0,28.0,26.0,27.0,11583.0,11060.0,12040.0,11200.0,15610.0
2026-01-08T01:26:12.102181,333.09,1,NVIDIA B200,52.0,622.01,0,164362.0,183359.0,100.0,19.361,3022.72,26.95,0.9,9581.0,40.0,46.0,23.0,26.0,54.0,44.0,44.0,28.0,26.0,27.0,11583.0,11060.0,12040.0,11200.0,15610.0
2026-01-08T01:26:12.102181,333.09,2,NVIDIA B200,54.0,626.07,0,164362.0,183359.0,100.0,19.358,3022.72,26.95,0.9,9581.0,40.0,46.0,23.0,26.0,54.0,44.0,44.0,28.0,26.0,27.0,11583.0,11060.0,12040.0,11200.0,15610.0
2026-01-08T01:26:12.102181,333.09,3,NVIDIA B200,47.0,616.81,0,164362.0,183359.0,100.0,19.373,3022.72,26.95,0.9,9581.0,40.0,46.0,23.0,26.0,54.0,44.0,44.0,28.0,26.0,27.0,11583.0,11060.0,12040.0,11200.0,15610.0
2026-01-08T01:26:12.102181,333.09,4,NVIDIA B200,49.0,617.97,0,164362.0,183359.0,100.0,19.364,3022.72,26.95,0.9,9581.0,40.0,46.0,23.0,26.0,54.0,44.0,44.0,28.0,26.0,27.0,11583.0,11060.0,12040.0,11200.0,15610.0
2026-01-08T01:26:12.102181,333.09,5,NVIDIA B200,53.0,657.02,0,164362.0,183359.0,100.0,19.367,3022.72,26.95,0.9,9581.0,40.0,46.0,23.0,26.0,54.0,44.0,44.0,28.0,26.0,27.0,11583.0,11060.0,12040.0,11200.0,15610.0
2026-01-08T01:26:12.102181,333.09,6,NVIDIA B200,55.0,650.23,0,164362.0,183359.0,100.0,19.352,3022.72,26.95,0.9,9581.0,40.0,46.0,23.0,26.0,54.0,44.0,44.0,28.0,26.0,27.0,11583.0,11060.0,12040.0,11200.0,15610.0
2026-01-08T01:26:12.102181,333.09,7,NVIDIA B200,50.0,632.37,0,164362.0,183359.0,100.0,19.374,3022.72,26.95,0.9,9581.0,40.0,46.0,23.0,26.0,54.0,44.0,44.0,28.0,26.0,27.0,11583.0,11060.0,12040.0,11200.0,15610.0
2026-01-08T01:26:19.906732,340.9,0,NVIDIA B200,37.0,206.68,0,4.0,183359.0,0.0,19.37,3022.72,26.27,0.9,9139.0,43.0,46.0,23.0,26.0,39.0,39.0,45.0,28.0,26.0,27.0,11583.0,11060.0,12040.0,11177.0,15610.0
2026-01-08T01:26:19.906732,340.9,1,NVIDIA B200,52.0,622.41,0,164362.0,183359.0,100.0,19.361,3022.72,26.27,0.9,9139.0,43.0,46.0,23.0,26.0,39.0,39.0,45.0,28.0,26.0,27.0,11583.0,11060.0,12040.0,11177.0,15610.0
2026-01-08T01:26:19.906732,340.9,2,NVIDIA B200,54.0,625.87,0,164362.0,183359.0,100.0,19.358,3022.72,26.27,0.9,9139.0,43.0,46.0,23.0,26.0,39.0,39.0,45.0,28.0,26.0,27.0,11583.0,11060.0,12040.0,11177.0,15610.0
2026-01-08T01:26:19.906732,340.9,3,NVIDIA B200,47.0,617.05,0,164362.0,183359.0,100.0,19.373,3022.72,26.27,0.9,9139.0,43.0,46.0,23.0,26.0,39.0,39.0,45.0,28.0,26.0,27.0,11583.0,11060.0,12040.0,11177.0,15610.0
2026-01-08T01:26:19.906732,340.9,4,NVIDIA B200,49.0,618.23,0,164362.0,183359.0,100.0,19.364,3022.72,26.27,0.9,9139.0,43.0,46.0,23.0,26.0,39.0,39.0,45.0,28.0,26.0,27.0,11583.0,11060.0,12040.0,11177.0,15610.0
2026-01-08T01:26:19.906732,340.9,5,NVIDIA B200,53.0,656.91,0,164362.0,183359.0,100.0,19.367,3022.72,26.27,0.9,9139.0,43.0,46.0,23.0,26.0,39.0,39.0,45.0,28.0,26.0,27.0,11583.0,11060.0,12040.0,11177.0,15610.0
2026-01-08T01:26:19.906732,340.9,6,NVIDIA B200,55.0,650.05,0,164362.0,183359.0,100.0,19.352,3022.72,26.27,0.9,9139.0,43.0,46.0,23.0,26.0,39.0,39.0,45.0,28.0,26.0,27.0,11583.0,11060.0,12040.0,11177.0,15610.0
2026-01-08T01:26:19.906732,340.9,7,NVIDIA B200,50.0,632.32,0,164362.0,183359.0,100.0,19.374,3022.72,26.27,0.9,9139.0,43.0,46.0,23.0,26.0,39.0,39.0,45.0,28.0,26.0,27.0,11583.0,11060.0,12040.0,11177.0,15610.0
